{"b'SS'": -797.0824826685227, "b'SV'": -1342.679100656726, "b'GaBr'": -4497.119161512358, "b'GaF'": -2023.8637300332919, "b'SF'": -498.53155938290956, "b'OSc'": -836.2036094213148, "b'NB'": -79.48643366466338, "b'FBe'": -114.83842974151551, "b'HNi'": -1509.302042362485, "b'MgLi'": -207.1547416925811, "b'HSc'": -761.4372660852116, "b'OTi'": -924.9967850627243, "b'SeV'": -3344.423840414816, "b'OZn'": -1854.9784082744018, "b'SeSc'": -3161.0680870241695, "b'SFe'": -1662.508550779803, "b'BrFe'": -3837.2312047620608, "b'CrCu'": -2685.279109738919, "b'SiFe'": -1553.4767208899868, "b'GeCl'": -2536.390501299335, "b'ClFe'": -1724.5075232961665, "b'HBe'": -15.467973437958452, "b'MgH'": -200.481655393062, "b'PAl'": -584.3721029617473, "b'SMg'": -598.3739566117436, "b'HV'": -944.7188750557148, "b'VV'": -1887.4521925651895, "b'ClCl'": -920.9870500599447, "b'ClTi'": -1310.0734221762389, "b'SCo'": -1781.5903407767323, "b'ClCu'": -2101.424115992297, "b'ClCr'": -1505.166796305058, "b'MgMg'": -399.39599075343057, "b'FF'": -199.61031504346934, "b'SSi'": -688.5016872338675, "b'CoCu'": -3023.68137184696, "b'ClP'": -802.2257494727834, "b'BFe'": -1288.451607973354, "b'NiNi'": -3017.1123657809862, "b'NCr'": -1099.0363457080875, "b'PP'": -683.4076385230208, "b'BrH'": -2574.0692630114236, "b'HH'": -1.5423486263857777, "b'SB'": -423.29760961692347, "b'BNi'": -1533.1861720718475, "b'AlO'": -318.14545911671513, "b'HCo'": -1383.6163042037367, "b'SZn'": -2178.2128543012, "b'HFe'": -1264.4389859664159, "b'CH'": -38.77121270312272, "b'CoCo'": -2765.719156355511, "b'LiLi'": -14.903039943136285, "b'PO'": -417.0471166826515, "b'SO'": -473.8766348063509, "b'FMn'": -1251.3061332491027, "b'AlCr'": -1287.17285747235, "b'OCo'": -1458.330837501748, "b'ClCo'": -1843.5203975451345, "b'PH'": -342.4580003982555, "b'OLi'": -82.8591927425985, "b'CC'": -76.11018382388781, "b'ClV'": -1404.6815993018859, "b'OMn'": -1226.62173722046, "b'MgF'": -299.8928523174277, "b'SiLi'": -297.3175618893886, "b'ClNa'": -622.4319872967983, "b'BeBe'": -29.274996410954994, "b'PSi'": -631.3877115682423, "b'SeTi'": -3249.8352605564446, "b'AlH'": -243.4888476132649, "b'ClAl'": -703.3944188157247, "b'CNi'": -1546.5835454661499, "b'TiTi'": -1698.3742860964314, "b'FV'": -1044.0986385604529, "b'ClO'": -535.6723683267351, "b'AlNi'": -1751.2921184245536, "b'SN'": -453.30062815076974, "b'HB'": -25.509498942082487, "b'HCu'": -1641.551605930559, "b'NC'": -92.69681857196935, "b'ClMg'": -660.4135967466284, "b'AlN'": -297.40917386882984, "b'ClB'": -485.3581036529576, "b'NaO'": -237.0911879029684, "b'BSc'": -785.0113830160974, "b'BrNi'": -4081.907357167052, "b'FH'": -100.77797270189096, "b'BTi'": -873.9861083349753, "b'HLi'": -8.233164521285866, "b'GaH'": -1924.6194887647534, "b'OV'": -1019.6767259990255, "b'SiC'": -327.7016519483774, "b'FCo'": -1483.006833114108, "b'SH'": -399.34289078800134, "b'FNi'": -1608.6716395226713, "b'HMn'": -1151.880161731327, "b'SiV'": -1233.7474207871608, "b'CaO'": -752.6489818977673, "b'CaCa'": -1354.6097978171254, "b'FTi'": -949.5527374557744, "b'AlC'": -280.64125994977934, "b'BrZn'": -4353.00478914826, "b'NaNa'": -323.44880292825343, "b'PC'": -379.569910933425, "b'BrCo'": -3956.220976068817, "b'ClSc'": -1221.3686050685635, "b'FC'": -137.9972441578084, "b'NV'": -998.557364751709, "b'MgO'": -275.1403808048777, "b'SeFe'": -3664.2550320298124, "b'NSc'": -815.4308532657153, "b'FN'": -154.58148617149774, "b'SiAl'": -532.5462554823591, "b'SeH'": -2401.1393104458643, "b'KH'": -599.686071493106, "b'BrCu'": -4214.159587763731, "b'CaF'": -777.436557104637, "b'FSc'": -860.8446419407544, "b'SSc'": -1159.3523471831315, "b'ClMn'": -1611.7941523190575, "b'CB'": -62.63040430850116, "b'GaAs'": -4158.582040430415, "b'BrSc'": -3334.091847629227, "b'OH'": -76.0041041654227, "b'FCu'": -1740.8695860371965, "b'SNi'": -1907.1949940811173, "b'OB'": -100.22303190662092, "b'ClSi'": -750.4248112984286, "b'SiO'": -365.2911103027446, "b'SiNi'": -1798.3154827618225, "b'SCu'": -2039.4352853219164, "b'SiF'": -389.92131942805213, "b'SiSc'": -1050.2918566601595, "b'PN'": -396.5205078203034, "b'SP'": -740.298976029502, "b'ClN'": -515.1093530009794, "b'HZn'": -1780.353800410516, "b'BrV'": -3517.3983226241576, "b'KF'": -699.0985830116829, "b'AlCu'": -1883.5462372905984, "b'CTi'": -887.1925606972628, "b'OCu'": -1716.118773527764, "b'GeH'": -2076.5264190612515, "b'NaF'": -261.88066488437806, "b'OC'": -113.47231727692392, "b'FCr'": -1144.6484587907414, "b'BCo'": -1407.4598729178117, "b'SAl'": -641.3617989513294, "b'BrMn'": -3724.5217979343756, "b'GeF'": -2175.869865281837, "b'HTi'": -850.1009232936732, "b'NaLi'": -169.17392461516434, "b'CV'": -981.8512444211683, "b'NN'": -109.32998125127124, "b'NiCu'": -3149.3697706286534, "b'ClBe'": -475.3577982406209, "b'FZn'": -1879.7572277740917, "b'STi'": -1248.1041667543404, "b'FLi'": -107.6451394383938, "b'CFe'": -1301.77232214864, "b'ScSc'": -1520.8277447701255, "b'PF'": -441.7488793326838, "b'SC'": -436.7632688640847, "b'OFe'": -1339.2055424912712, "b'NTi'": -903.8792208378736, "b'SiCo'": -1672.1904606919193, "b'CaH'": -678.0469419677826, "b'BrTi'": -3422.789976951744, "b'HCr'": -1045.257676217358, "b'SiB'": -314.4595997337044, "b'ONi'": -1583.977275984827, "b'OO'": -150.38968014937754, "b'LiBe'": -22.12079528718695, "b'AlCo'": -1625.5889785281834, "b'CSc'": -798.5096547604023, "b'ClH'": -461.31879919523396, "b'AlF'": -342.87167047902807, "b'ON'": -129.82793629723858, "b'ClC'": -498.49672524465103, "b'TiV'": -1792.9576088403207, "b'GaCl'": -2384.3850908836293, "b'BrCr'": -3617.8793376841168, "b'VNi'": -2452.200297845522, "b'FFe'": -1364.0328888237607, "b'BV'": -968.6614622682248, "b'FB'": -124.85184217916307, "b'NaH'": -162.47581302418698, "b'AsH'": -2235.5044060646555, "b'AlV'": -1186.62833794155, "b'FO'": -175.0342318539665, "b'ClNi'": -1969.1799128669518, "b'AlLi'": -250.14573276932754, "b'SiCu'": -1930.6210060585536, "b'ClZn'": -2240.269856502728, "b'SeNi'": -3908.9619091133904, "b'SiN'": -344.5007629113576, "b'AlAl'": -485.45236835591953, "b'PB'": -366.36338606140964, "b'TiCo'": -2232.003414966318, "b'BB'": -49.30820807766792, "b'ClF'": -560.3642634463705, "b'LiCu'": -1648.2927813143974, "b'SCr'": -1443.1344902642747, "b'FeFe'": -2527.51883596657, "b'SiTi'": -1139.1755109364512, "b'SiH'": -290.57094624772753, "b'SMn'": -1549.8328683232828, "b'GeBr'": -4649.115350227553, "b'KK'": -1197.850814469777, "b'OBe'": -90.124555148804, "b'SLi'": -406.1492468501307, "b'SeCo'": -3783.334882119841, "b'SiBr'": -2863.1512434229126, "b'OCr'": -1119.9428857021142, "b'SiSi'": -579.5740205626054, "b'CrCr'": -2088.658764124437, "b'SBe'": -413.35470692583374}