{"b'ClSc'": -1221.3650833028428, "b'SZn'": -2178.1893178230453, "b'ClNi'": -1969.1828445739259, "b'OC'": -113.47951264232981, "b'LiLi'": -14.880636858067579, "b'AlCr'": -1287.156946916736, "b'ON'": -129.83240973971627, "b'NC'": -92.69635579528916, "b'GeCl'": -2536.392842641628, "b'SSc'": -1159.340086454918, "b'OLi'": -82.84819198170635, "b'SB'": -423.28712371335433, "b'FCo'": -1482.9780041947033, "b'SMg'": -598.3770564659286, "b'NaO'": -237.08309346118233, "b'VNi'": -2413.2172030499087, "b'PH'": -342.4475268651961, "b'AlO'": -318.12959464715385, "b'CNi'": -1546.5837929060667, "b'BrV'": -3517.372318983884, "b'OMn'": -1226.6097779268891, "b'HBe'": -15.465572506451428, "b'ClV'": -1404.665917325795, "b'HCr'": -1045.2620943389463, "b'AlCu'": -1883.5504312964017, "b'CaH'": -678.0294136568987, "b'CrCu'": -2685.2989978416226, "b'ClC'": -498.49808817140223, "b'SiSc'": -1050.3221376738447, "b'FSc'": -860.8320345198938, "b'CB'": -62.64784536440617, "b'SiNi'": -1798.3227056377896, "b'BrCr'": -3617.8856126707906, "b'LiBe'": -22.107771437189754, "b'OTi'": -925.0027244215503, "b'PP'": -683.397865111796, "b'SH'": -399.3425569103492, "b'SCu'": -2039.44940821115, "b'KF'": -699.0916443965314, "b'OH'": -75.99714599292184, "b'AlV'": -1186.642595870477, "b'HB'": -25.51425641596419, "b'BrMn'": -3724.507682548354, "b'ClMn'": -1611.7890219435199, "b'SiC'": -327.70246167843715, "b'PB'": -366.3878165175874, "b'CrCr'": -2088.6699046662297, "b'SFe'": -1662.529289846779, "b'NV'": -998.5021750055748, "b'GaAs'": -4158.549964442246, "b'ClP'": -802.2215488463174, "b'BrCu'": -4214.164220205036, "b'HZn'": -1780.3389977131314, "b'SV'": -1342.7030474202109, "b'BrZn'": -4352.985506021109, "b'PSi'": -631.3818144167611, "b'SeCo'": -3783.3519084678683, "b'FFe'": -1364.087877221367, "b'OSc'": -836.1797289330872, "b'ClBe'": -474.6377406968574, "b'LiCu'": -1648.3010493520737, "b'HMn'": -1151.865365234628, "b'HTi'": -850.1420285736916, "b'SiN'": -344.49734172512575, "b'SiCo'": -1672.6638115919266, "b'NaH'": -162.47880632441127, "b'SBe'": -413.3511552331916, "b'SF'": -498.5256136613466, "b'BrTi'": -3422.7869079803927, "b'CFe'": -1301.8047937299175, "b'SiAl'": -532.5355630932229, "b'FLi'": -107.63342166429193, "b'PAl'": -584.4208336987585, "b'CoCu'": -3023.68335329079, "b'CH'": -38.765868192937816, "b'CSc'": -798.4837431373669, "b'ClF'": -560.3624827924017, "b'BFe'": -1288.556409157976, "b'NaLi'": -169.15412790163774, "b'GeH'": -2076.5291335327256, "b'SP'": -740.292931448258, "b'SiCu'": -1930.634328533313, "b'ClCo'": -1843.4957950106736, "b'SeNi'": -3908.974443285848, "b'FCr'": -1144.6552549074684, "b'SSi'": -688.4967426391258, "b'AlNi'": -1751.286526170819, "b'SeTi'": -3249.840833225325, "b'PN'": -396.51807998086906, "b'BCo'": -1407.6017366536903, "b'SMn'": -1549.8354192677834, "b'MgF'": -299.88997930514483, "b'NB'": -79.48177628824595, "b'ClCu'": -2101.430281543418, "b'NSc'": -815.4297248976392, "b'OFe'": -1339.2655265347132, "b'PF'": -441.7314846308142, "b'SCo'": -1781.5499844380279, "b'SN'": -453.2958820974575, "b'HNi'": -1509.3314777414053, "b'AsH'": -2235.5010644392423, "b'SiO'": -365.2839256133348, "b'FF'": -199.6086168606533, "b'ONi'": -1583.9655285968502, "b'MgLi'": -207.14729997832526, "b'ClCr'": -1505.1619427354806, "b'GeBr'": -4649.122376644162, "b'SeH'": -2401.147736009145, "b'BNi'": -1533.2139916950575, "b'ClAl'": -703.3922132135721, "b'SiV'": -1233.7554451925266, "b'SeV'": -3344.441942773728, "b'CaF'": -777.4124633253138, "b'CaO'": -752.6454993205612, "b'SiB'": -314.47850650154936, "b'AlLi'": -250.12759179334716, "b'BrSc'": -3334.0924913194026, "b'GaCl'": -2384.35479467644, "b'PO'": -417.04632670546573, "b'ClNa'": -622.4326853490799, "b'FO'": -175.03538121452277, "b'OCo'": -1458.3111667529138, "b'ClN'": -515.1051191229445, "b'MgMg'": -399.4125820436078, "b'BeBe'": -29.271015190834248, "b'ScSc'": -1520.8063019738765, "b'NiCu'": -3149.388869465229, "b'BrNi'": -4081.930108347042, "b'ClH'": -461.32269251912624, "b'ClTi'": -1310.0785753424814, "b'FC'": -137.98729034020843, "b'NCr'": -1099.1308171890437, "b'ClFe'": -1724.4957541586682, "b'BV'": -968.679328412073, "b'AlN'": -297.3737406607777, "b'FB'": -124.84945690809363, "b'TiTi'": -1698.416602654194, "b'SO'": -473.86704530547195, "b'FZn'": -1879.7543663383472, "b'ClB'": -485.3654811776211, "b'GaBr'": -4497.07350025291, "b'SiH'": -290.56967392068293, "b'AlF'": -342.85566247312846, "b'FV'": -1044.1429749173515, "b'BB'": -49.284942527771534, "b'ClO'": -535.6755337255283, "b'CTi'": -887.2839703301917, "b'SeSc'": -3161.0722472233315, "b'ClSi'": -750.4277612770488, "b'NN'": -109.33803158144698, "b'AlC'": -280.61697470220315, "b'FeFe'": -2527.569623127174, "b'OCu'": -1716.1286019750908, "b'KK'": -1197.852603774289, "b'TiCo'": -2232.0520504580027, "b'HSc'": -761.4418644811383, "b'OB'": -99.2103740268686, "b'MgH'": -200.48583572981806, "b'PC'": -379.5694332669862, "b'VV'": -1887.477892234726, "b'NaF'": -261.8705637629854, "b'HLi'": -8.228172516684907, "b'OCr'": -1120.1977324413065, "b'FN'": -154.57479861628516, "b'MgO'": -275.1469035383335, "b'BrCo'": -3956.2498904168424, "b'SLi'": -406.14517037818973, "b'SCr'": -1443.1645525150348, "b'SeFe'": -3664.288341291675, "b'AlH'": -243.48213764192164, "b'HV'": -944.734449828425, "b'GaH'": -1924.5946690462338, "b'SS'": -797.0743257789121, "b'FCu'": -1740.863993806524, "b'OZn'": -1854.9759486982634, "b'SiFe'": -1553.5738416431502, "b'CV'": -981.8624908898912, "b'SiF'": -389.9105672443062, "b'STi'": -1248.1133462877326, "b'OBe'": -90.11835345983313, "b'OV'": -1019.7013930302504, "b'BSc'": -785.0165057387554, "b'FH'": -100.7731402478373, "b'NiNi'": -3017.1309613420685, "b'FMn'": -1251.3152383595818, "b'BTi'": -873.9962649167596, "b'HCu'": -1641.559213976394, "b'ClMg'": -660.4194199367801, "b'FNi'": -1608.6315967758092, "b'GeF'": -2175.8663522750444, "b'SiBr'": -2863.143456543655, "b'OO'": -150.38924971408713, "b'HH'": -1.5449802136169135, "b'SAl'": -641.3408058722251, "b'KH'": -599.6912650530929, "b'SiSi'": -579.658750684127, "b'HCo'": -1383.6343261205286, "b'BrFe'": -3837.0897458781283, "b'GaF'": -2023.8168428978972, "b'CaCa'": -1354.5884304855388, "b'TiV'": -1793.0257190661118, "b'CoCo'": -2765.7646115931834, "b'CC'": -76.1146337430765, "b'BrH'": -2574.0739569668117, "b'NTi'": -903.8889177863182, "b'AlCo'": -1625.5937863452364, "b'SC'": -436.76059731563976, "b'ClCl'": -920.998017444184, "b'FTi'": -949.5532966223302, "b'HFe'": -1264.5273341615778, "b'SiLi'": -297.28996919918194, "b'AlAl'": -485.4387682299635, "b'FBe'": -114.83379430905366, "b'NaNa'": -323.4395660977243, "b'SNi'": -1907.189634988828, "b'SiTi'": -1139.1960157125225, "b'ClZn'": -2240.266559978438}