{"b'BCo'": -1407.4786194814017, "b'PB'": -366.3507379591076, "b'SSc'": -1159.3491076095831, "b'HBe'": -15.467765472097426, "b'SiSc'": -1050.2668253821487, "b'SiCo'": -1672.1917015486285, "b'ClMn'": -1611.7788305836184, "b'SiF'": -389.9155204076143, "b'NC'": -92.68145820880947, "b'ClMg'": -660.4088327437854, "b'OCr'": -1120.2014277782082, "b'STi'": -1248.1069334603812, "b'PP'": -683.408220656048, "b'TiV'": -1792.971989447199, "b'TiCo'": -2231.9237605482144, "b'FNi'": -1608.6567050896326, "b'FCr'": -1144.64714010951, "b'CC'": -76.10172238655493, "b'OMn'": -1226.618859329576, "b'BrCo'": -3956.2436017112877, "b'OB'": -100.21914746035556, "b'HLi'": -8.236544736757411, "b'AlF'": -342.88132210454313, "b'LiCu'": -1648.2966404283522, "b'VNi'": -2452.2130936420103, "b'SiTi'": -1139.1589027690954, "b'NB'": -79.46768190569988, "b'CSc'": -798.5154515447434, "b'OC'": -113.48298768384637, "b'GeCl'": -2536.3769069538557, "b'FN'": -154.5768917990691, "b'NiCu'": -3149.3590783090795, "b'ON'": -129.8228062935947, "b'NaLi'": -169.18085850510937, "b'ClCl'": -920.9689573999775, "b'OO'": -150.38924352058956, "b'AlNi'": -1751.2413549981623, "b'BSc'": -784.9938735393172, "b'BrCr'": -3617.879818162197, "b'CTi'": -887.1363922052168, "b'FF'": -199.60896166818256, "b'GaAs'": -4158.582716032784, "b'SeTi'": -3249.8246642475915, "b'SiBr'": -2863.146774956613, "b'SeFe'": -3664.2386836104033, "b'GeBr'": -4649.105716862441, "b'ClCu'": -2101.4058483775198, "b'SiH'": -290.57021292343944, "b'AlCr'": -1287.1724362369148, "b'CaO'": -752.6758930809253, "b'ClCo'": -1843.510366981318, "b'FCo'": -1483.0128413746277, "b'SCu'": -2039.4269752406422, "b'ClTi'": -1310.0611703915797, "b'LiLi'": -14.911499657428442, "b'SN'": -453.282593570477, "b'SeSc'": -3161.0650893970533, "b'SiSi'": -579.5730859756471, "b'GaH'": -1924.6148823321262, "b'CoCu'": -3023.6700273533634, "b'SMn'": -1549.6816414508478, "b'BrNi'": -4081.9053110224086, "b'AlV'": -1186.6329534119222, "b'ClNa'": -622.4225099426901, "b'SBe'": -413.3526394467093, "b'VV'": -1887.4638972237958, "b'NCr'": -1099.04111611172, "b'GeH'": -2076.5235735994406, "b'SC'": -436.7551154832197, "b'AlLi'": -250.16446327865663, "b'NSc'": -815.4181314251575, "b'NaH'": -162.4776556364282, "b'BrV'": -3517.407747337919, "b'FH'": -100.77608483596222, "b'ClB'": -485.3453681078135, "b'FLi'": -107.64435052629935, "b'SAl'": -641.3689030296581, "b'CaH'": -678.0457105194646, "b'SF'": -498.5215368511265, "b'ClSc'": -1221.351052992897, "b'CrCu'": -2685.2736223250195, "b'ClH'": -461.30884735151767, "b'HCo'": -1383.6203226005005, "b'CaF'": -777.4316111838367, "b'ONi'": -1583.9696920661593, "b'FBe'": -114.83543276532271, "b'PO'": -417.05376665450206, "b'SiN'": -344.48486362013773, "b'HNi'": -1509.3006153636304, "b'AlCo'": -1625.5470713519517, "b'HMn'": -1151.661893748735, "b'CB'": -62.60942267230032, "b'HTi'": -850.0941540405888, "b'FC'": -137.98910676679586, "b'ClP'": -802.2093895245408, "b'PH'": -342.45371505261676, "b'NTi'": -903.8667505559572, "b'SV'": -1342.6929001045726, "b'GeF'": -2175.868740795403, "b'AlCu'": -1883.5613335472053, "b'SLi'": -406.14959254907507, "b'CFe'": -1301.4782117099062, "b'MgLi'": -207.16502313154623, "b'BTi'": -873.9656182764571, "b'HB'": -25.507051269456028, "b'SeV'": -3344.436199530818, "b'BeBe'": -29.273270179075404, "b'TiTi'": -1698.3876687964403, "b'FO'": -175.03677479027715, "b'KH'": -599.688543127881, "b'BrMn'": -3724.5054810812044, "b'SiV'": -1233.7307271238546, "b'ClAl'": -703.3979756914764, "b'PAl'": -584.3852169479879, "b'CV'": -981.8524825381617, "b'FTi'": -949.5503951241432, "b'SiCu'": -1930.6233083637212, "b'PN'": -396.49902029615345, "b'HZn'": -1780.3352291726446, "b'PF'": -441.74041855521, "b'ScSc'": -1520.7615284891167, "b'HFe'": -1264.4402074822767, "b'BrFe'": -3837.2303589006956, "b'SCo'": -1781.5750961982042, "b'SB'": -423.2899132166241, "b'BV'": -968.6509796209747, "b'ClCr'": -1505.1517609807233, "b'KF'": -699.095085241273, "b'SP'": -740.2959269521136, "b'PSi'": -631.391067665046, "b'SiFe'": -1553.5687882484515, "b'BrSc'": -3334.078765864572, "b'CaCa'": -1354.6038238202352, "b'SeCo'": -3783.31659389554, "b'SH'": -399.3380155358948, "b'NaNa'": -323.4538446556891, "b'SeH'": -2401.134737683888, "b'GaBr'": -4497.10017258072, "b'BFe'": -1288.4392943161104, "b'CoCo'": -2765.670808296732, "b'HCu'": -1641.5532833998302, "b'FZn'": -1879.7505020058722, "b'FB'": -124.84643760969237, "b'GaCl'": -2384.364911245028, "b'HV'": -944.7311089308171, "b'SMg'": -598.3736289772255, "b'AlC'": -280.6504884795462, "b'OTi'": -924.9932045249719, "b'OSc'": -836.2112579592276, "b'BrCu'": -4214.146653946857, "b'CNi'": -1546.5799389494184, "b'NaF'": -261.87821051385976, "b'SiO'": -365.3084924715387, "b'FSc'": -860.8415934072001, "b'HSc'": -761.4355224873751, "b'SiAl'": -532.5530472230467, "b'SeNi'": -3908.9502941119763, "b'GaF'": -2023.8489085176132, "b'HCr'": -1045.2581282966853, "b'OLi'": -82.87046756473805, "b'AlN'": -297.3998435365427, "b'ClO'": -535.6677553384411, "b'OZn'": -1854.974786521885, "b'BB'": -49.29162119574095, "b'SFe'": -1662.5036171092368, "b'OH'": -76.00914920984151, "b'NaO'": -237.10034861946028, "b'NV'": -998.4665623245656, "b'AlO'": -318.1705004690275, "b'FCu'": -1740.8642918254398, "b'AlH'": -243.50231619952166, "b'LiBe'": -22.127308046052967, "b'ClFe'": -1724.4972291708123, "b'ClBe'": -475.3492615402249, "b'ClN'": -515.097131980105, "b'MgMg'": -399.39970919481607, "b'HH'": -1.5396596739086266, "b'FV'": -1044.156717445177, "b'OV'": -1019.6841471762583, "b'FeFe'": -2527.310224423666, "b'ClZn'": -2240.2485967962734, "b'BNi'": -1533.1827419100975, "b'FMn'": -1251.2973015450907, "b'CH'": -38.76557267803771, "b'ClV'": -1404.6809827806528, "b'SO'": -473.87041789785417, "b'AsH'": -2235.5005249473425, "b'SSi'": -688.502038469001, "b'SCr'": -1443.1297333709158, "b'OCo'": -1458.3444659791771, "b'MgH'": -200.48352470067255, "b'AlAl'": -485.4799859177744, "b'ClC'": -498.48563726615174, "b'ClNi'": -1969.168001351623, "b'PC'": -379.5670147015971, "b'SiLi'": -297.3178393978076, "b'SiB'": -314.43954818807913, "b'NiNi'": -3017.1048467284127, "b'BrZn'": -4352.987166309145, "b'ClSi'": -750.4149075662042, "b'MgF'": -299.8920625140919, "b'BrTi'": -3422.781256470176, "b'SNi'": -1907.174647255671, "b'SiNi'": -1798.314088717774, "b'SiC'": -327.6970073298979, "b'BrH'": -2574.0604153725703, "b'OFe'": -1339.2102264606137, "b'CrCr'": -2088.665519211874, "b'MgO'": -275.15327112232507, "b'OCu'": -1716.1212963877201, "b'OBe'": -90.14100643321542, "b'NN'": -109.30333280359262, "b'SS'": -797.0774801821939, "b'SZn'": -2178.1874464949724, "b'KK'": -1197.859369723421, "b'ClF'": -560.3528581692347, "b'FFe'": -1364.0284151911926}