{"b'CH'": -38.76432073951313, "b'ClF'": -560.3541949720329, "b'SeFe'": -3664.0442220858067, "b'PP'": -683.412482674353, "b'OH'": -76.0093258633083, "b'NC'": -92.67320704854156, "b'GaAs'": -4158.578666639363, "b'LiCu'": -1648.308065280243, "b'ClFe'": -1724.4947637413518, "b'SeH'": -2401.135298764472, "b'SP'": -740.2953091162466, "b'FTi'": -949.4868035283355, "b'CSc'": -798.542166311411, "b'SZn'": -2178.1675625626326, "b'KK'": -1197.8545699027807, "b'PSi'": -631.4190192142307, "b'NiNi'": -3017.1182790018547, "b'KH'": -599.683305653711, "b'OB'": -100.19554356127642, "b'BrSc'": -3334.0983280973787, "b'MgMg'": -399.4006886866928, "b'SMg'": -598.3582663437129, "b'OCr'": -1119.740982808084, "b'STi'": -1248.046284676053, "b'OZn'": -1854.9557365958196, "b'BrMn'": -3724.417283612567, "b'AlAl'": -485.4467605374772, "b'SeV'": -3344.0615092794746, "b'ClZn'": -2240.2334755268134, "b'BrCo'": -3956.22535485726, "b'SiAl'": -532.4232773456325, "b'HCu'": -1641.5526126891295, "b'FBe'": -114.83537419701581, "b'SeSc'": -3161.0790022891606, "b'MgO'": -275.1500742079703, "b'ClV'": -1404.553251829424, "b'GaBr'": -4496.081657279235, "b'SiLi'": -297.3261587330707, "b'NTi'": -903.6318057379929, "b'BrH'": -2574.061132259893, "b'ClCr'": -1504.9811558166311, "b'SCr'": -1443.0316710021336, "b'SAl'": -641.3785364437002, "b'CNi'": -1546.5457552031285, "b'SiB'": -314.4247625682567, "b'VNi'": -2445.1013531668623, "b'BeBe'": -29.27527737879659, "b'TiTi'": -1697.987490428295, "b'OBe'": -90.14441685767073, "b'OC'": -113.48829055059386, "b'CTi'": -887.302773143301, "b'CFe'": -1301.249218301468, "b'NaLi'": -169.174802952829, "b'ClB'": -485.34980593480805, "b'AlNi'": -1751.2930677260247, "b'SeCo'": -3783.033702053131, "b'OCo'": -1458.292055868452, "b'BCo'": -1407.534173443885, "b'HCr'": -1045.1611522055734, "b'ClAl'": -703.4015085250077, "b'ClTi'": -1310.0390308767383, "b'HFe'": -1264.4323288913022, "b'SCo'": -1781.1668392815386, "b'CV'": -981.6047413959845, "b'FH'": -100.77522840169638, "b'FLi'": -107.64095082878626, "b'PN'": -396.49143757335054, "b'ClC'": -498.48210795344795, "b'BrCu'": -4214.1546927119025, "b'LiBe'": -21.97454440103995, "b'FCr'": -1144.5681805722127, "b'MgH'": -200.48664729869768, "b'HH'": -1.5420744494765182, "b'BSc'": -784.7149821645463, "b'SiFe'": -1552.451473823749, "b'NaO'": -237.08896196355224, "b'NaH'": -162.4754457741346, "b'PF'": -441.7292422267413, "b'CaCa'": -1354.627965065036, "b'CoCu'": -3023.6919608177027, "b'GaH'": -1924.5953773919862, "b'SSc'": -1159.358241946112, "b'VV'": -1887.2092449311147, "b'SH'": -399.34329538884765, "b'OMn'": -1226.4561588392833, "b'CoCo'": -2765.6910777631, "b'HNi'": -1509.308210891173, "b'SiC'": -327.6760105516145, "b'ScSc'": -1520.8679821748326, "b'FFe'": -1364.0296150277036, "b'SB'": -423.2895587124607, "b'SiH'": -290.5702699510436, "b'ClCu'": -2101.4133862909885, "b'HCo'": -1383.5996561069405, "b'SiCu'": -1930.5618092625332, "b'ClN'": -515.0927107981729, "b'AsH'": -2235.4935191921013, "b'HZn'": -1780.2999913928982, "b'FCu'": -1740.8716036386652, "b'AlLi'": -250.15403451481683, "b'GaCl'": -2384.3228253720645, "b'ClMg'": -660.4117798965756, "b'SiBr'": -2863.1356444219514, "b'FNi'": -1608.6410854323287, "b'SLi'": -406.1456382100295, "b'AlCo'": -1625.5895941396964, "b'BTi'": -873.5999910587034, "b'PB'": -366.35210739936736, "b'GaF'": -2023.8274245877026, "b'SV'": -1342.323533428221, "b'SiV'": -1233.1252334448789, "b'AlN'": -297.3601280783015, "b'ClSi'": -750.4119671375097, "b'SMn'": -1549.6113276304163, "b'GeBr'": -4649.118599520785, "b'HLi'": -8.233169487647723, "b'NV'": -998.3596705801974, "b'SN'": -453.2812984317409, "b'HB'": -25.50891755912528, "b'BrNi'": -4081.887077999345, "b'SO'": -473.8585670415561, "b'BB'": -49.282755372193456, "b'SiNi'": -1798.2948200896737, "b'SS'": -797.0689348702522, "b'OV'": -1019.0734539346124, "b'CrCr'": -2088.204164139259, "b'NB'": -79.46930602551845, "b'OSc'": -836.2222922439023, "b'FZn'": -1879.7372828313116, "b'BNi'": -1533.185309005943, "b'AlC'": -280.6397724913988, "b'HTi'": -850.1200079304296, "b'SCu'": -2039.4304218117195, "b'BrZn'": -4352.973144926272, "b'CaH'": -678.0526308205287, "b'OCu'": -1716.1200153067791, "b'NSc'": -815.4220257720092, "b'FC'": -137.98277872436114, "b'AlF'": -342.8778414589053, "b'ClCl'": -920.9699447532993, "b'GeH'": -2076.5224472136183, "b'ClSc'": -1221.367638330204, "b'ClBe'": -475.35084209021835, "b'PO'": -417.0566178274904, "b'FMn'": -1251.3008707160193, "b'OO'": -150.3866519519671, "b'OLi'": -82.84058329405462, "b'LiLi'": -14.903152865096931, "b'FCo'": -1482.9702784483127, "b'MgF'": -299.88974419699923, "b'OFe'": -1339.0821032007157, "b'ClCo'": -1843.5010758308833, "b'SiN'": -344.4776920299524, "b'SiF'": -389.9108805929507, "b'SiO'": -365.31347610452593, "b'ClH'": -461.3101416726157, "b'ON'": -129.8273128161996, "b'SeTi'": -3249.7786875037586, "b'PAl'": -584.381266025425, "b'ClO'": -535.6718494228919, "b'AlCr'": -1286.9118844388677, "b'CaO'": -752.6879878444607, "b'KF'": -699.0920454471242, "b'SC'": -436.7554820512587, "b'SFe'": -1662.091169809618, "b'NaF'": -261.87593116925876, "b'NN'": -109.29892213215035, "b'SiTi'": -1139.067388266706, "b'AlH'": -243.50217149314113, "b'SF'": -498.5223749878808, "b'BFe'": -1288.3665897615067, "b'BV'": -968.3073477389463, "b'BrCr'": -3617.791204879186, "b'CrCu'": -2685.1058998435406, "b'AlO'": -318.1749584712941, "b'ClNi'": -1969.1540051286502, "b'NaNa'": -323.45181146845374, "b'CC'": -76.10248606223686, "b'CB'": -62.55850014161513, "b'FeFe'": -2526.7825143872046, "b'BrTi'": -3422.723540116049, "b'AlV'": -1186.2396760970644, "b'PC'": -379.57234754228057, "b'FSc'": -860.8482732351912, "b'HMn'": -1151.8802247039425, "b'FO'": -175.03551877796733, "b'FF'": -199.61063953513215, "b'HSc'": -761.4512407328342, "b'NCr'": -1099.0475842748538, "b'SiSc'": -1050.0733681040108, "b'TiV'": -1792.5671734173427, "b'CaF'": -777.4483887622962, "b'HBe'": -15.473648223652862, "b'BrFe'": -3837.238321677912, "b'BrV'": -3517.263135183516, "b'NiCu'": -3149.3620983265673, "b'SiSi'": -579.5614168088924, "b'SSi'": -688.5039946540561, "b'FB'": -124.84658921960417, "b'SeNi'": -3908.952903318294, "b'SBe'": -413.34962558454384, "b'FN'": -154.5747704412486, "b'ClNa'": -622.4249149086272, "b'OTi'": -925.0134418659878, "b'ONi'": -1583.9277603966163, "b'GeCl'": -2536.381421388225, "b'SiCo'": -1672.5058698013258, "b'FV'": -1044.042764938347, "b'TiCo'": -2222.723786626662, "b'MgLi'": -207.16545149248716, "b'HV'": -944.5967059703471, "b'SNi'": -1907.1771111180256, "b'AlCu'": -1883.5685825210649, "b'ClP'": -802.2103078540997, "b'ClMn'": -1611.763256929926, "b'PH'": -342.4566843334824, "b'GeF'": -2175.868882185779}