{"b'OFe'": -1339.231129630949, "b'FTi'": -949.55493480731, "b'SZn'": -2178.2237995328355, "b'ClH'": -461.31497747350477, "b'NSc'": -815.4031966300711, "b'SH'": -399.3383406043911, "b'BTi'": -873.9483982721166, "b'OLi'": -82.86699186299064, "b'CoCo'": -2765.710744641005, "b'FN'": -154.5831223956072, "b'SiLi'": -297.2879240672892, "b'SiAl'": -532.5143373335885, "b'AlH'": -243.49520272550052, "b'FCo'": -1482.9705995507045, "b'MgF'": -299.9101793355751, "b'CaO'": -752.641232166102, "b'CTi'": -886.9699019028994, "b'SeCo'": -3783.35843127503, "b'PP'": -683.407856937471, "b'CH'": -38.765481708097404, "b'AlF'": -342.883448114426, "b'GaCl'": -2384.446034381475, "b'GaF'": -2023.9244158723309, "b'OV'": -1019.6001177937504, "b'ClAl'": -703.3997050152664, "b'PC'": -379.5851418648902, "b'OCr'": -1120.1436117807082, "b'HCu'": -1641.537744169805, "b'FC'": -137.99474254001024, "b'STi'": -1248.0883521823764, "b'SiNi'": -1798.3032894602857, "b'NN'": -109.33740604059687, "b'BrV'": -3517.3957084090853, "b'SeFe'": -3664.25213582581, "b'FCr'": -1144.6455885997243, "b'ClC'": -498.48559330318807, "b'GaH'": -1924.6799145872308, "b'OSc'": -836.1280594837879, "b'BrSc'": -3334.07336301707, "b'PF'": -441.735390436339, "b'SiSi'": -579.5536189540007, "b'BrFe'": -3837.218713513175, "b'CC'": -76.1057378857636, "b'SeNi'": -3908.984737349747, "b'ClBe'": -475.35263445770795, "b'BrCu'": -4214.14294255019, "b'OCo'": -1458.3177162843024, "b'SFe'": -1662.508162149549, "b'KH'": -599.6913356318566, "b'SiC'": -327.6981538078869, "b'ClCr'": -1505.1305411381632, "b'BB'": -49.27145847317676, "b'LiCu'": -1648.264198112092, "b'HSc'": -761.4267939548447, "b'SC'": -436.75684673412627, "b'OB'": -100.22673184048364, "b'SV'": -1342.6544620431034, "b'SN'": -453.3007429107662, "b'FZn'": -1879.7783449718727, "b'NC'": -92.70222849634331, "b'ClZn'": -2240.280857678302, "b'LiLi'": -14.907488335029647, "b'FFe'": -1364.0471891542925, "b'FCu'": -1740.8672795647444, "b'ClP'": -802.2061934009442, "b'ClMg'": -660.4075430848776, "b'AsH'": -2235.4878455828816, "b'PB'": -366.3603869451994, "b'ClB'": -485.3530197065636, "b'GeH'": -2076.513685375794, "b'LiBe'": -22.12233235353819, "b'AlV'": -1186.6234506494256, "b'BFe'": -1288.4877527261199, "b'HMn'": -1151.8296276085443, "b'AlN'": -297.4123516760096, "b'HCr'": -1045.217940630453, "b'CrCr'": -2088.6182918068967, "b'PSi'": -631.3877352988338, "b'AlAl'": -485.4545536949963, "b'TiTi'": -1698.3633200672987, "b'PN'": -396.52239890612753, "b'NCr'": -1098.9664447973616, "b'FB'": -124.85274715973986, "b'CaF'": -777.4357090879204, "b'HBe'": -15.46516377045176, "b'SiCo'": -1672.434471339565, "b'TiCo'": -2232.0091770999666, "b'OBe'": -90.12408648548859, "b'CB'": -62.59761028002181, "b'NaO'": -237.0977308974376, "b'AlO'": -318.154213229012, "b'SiB'": -314.4296235070245, "b'CoCu'": -3023.6610506590023, "b'SCu'": -2039.4100044160382, "b'GeBr'": -4649.1022331927, "b'MgMg'": -399.39385029681824, "b'SNi'": -1907.222002525506, "b'HFe'": -1264.4437180048674, "b'NiNi'": -3017.1081679782346, "b'BrCr'": -3617.8396008978607, "b'NaH'": -162.47620988295355, "b'AlLi'": -250.15165559255433, "b'CaCa'": -1354.5723437956942, "b'ClNi'": -1969.17768731633, "b'ClCo'": -1843.5202902568178, "b'CSc'": -798.5109931235851, "b'BSc'": -784.9769305530235, "b'SiH'": -290.56489350487925, "b'SAl'": -641.3684995147086, "b'AlCu'": -1883.5189756054922, "b'FLi'": -107.65559858414824, "b'SO'": -473.8569702314686, "b'ClNa'": -622.4278589548078, "b'OC'": -113.4704042372277, "b'SiV'": -1233.6916947803759, "b'ClV'": -1404.6616769541317, "b'BrH'": -2574.0716962289735, "b'BNi'": -1533.0194987835084, "b'NiCu'": -3149.153882132069, "b'GaBr'": -4497.1817789621555, "b'NB'": -79.48932149936712, "b'VNi'": -2452.3952315126257, "b'PO'": -417.03796450352786, "b'HV'": -944.7010080128558, "b'BV'": -968.6128071942358, "b'SLi'": -406.1453097996365, "b'NaF'": -261.89022829123275, "b'NV'": -998.4747701830016, "b'FNi'": -1608.6649928110864, "b'FeFe'": -2527.4032802184856, "b'OO'": -150.38296472606189, "b'SiTi'": -1139.1206067368803, "b'SSi'": -688.500396158305, "b'SS'": -797.0499246978601, "b'SiCu'": -1930.58848504775, "b'ScSc'": -1520.7584869290592, "b'ClFe'": -1724.4873548936332, "b'FV'": -1044.158006210537, "b'MgLi'": -207.16000800560568, "b'FH'": -100.78203922528287, "b'SMg'": -598.3678649450236, "b'ClN'": -515.1047183441821, "b'FSc'": -860.8381648119664, "b'SB'": -423.29608412931253, "b'FMn'": -1251.3003547199733, "b'OTi'": -924.923050449675, "b'HCo'": -1383.6306854336385, "b'SiN'": -344.5031050826548, "b'NaLi'": -169.17644503775924, "b'SCr'": -1443.0919209393917, "b'SMn'": -1549.673276152633, "b'HNi'": -1509.303687492675, "b'KK'": -1197.8655265034638, "b'BrZn'": -4353.0057883294485, "b'ClO'": -535.6709932381316, "b'BeBe'": -29.272330825676736, "b'OMn'": -1226.5922048669954, "b'OZn'": -1854.9921767898695, "b'SeV'": -3344.403435151864, "b'AlC'": -280.63694026762255, "b'OH'": -76.00951900991025, "b'ClCu'": -2101.4085553599807, "b'AlCr'": -1287.12417812851, "b'HTi'": -850.0740198467481, "b'BCo'": -1407.4046589382647, "b'FF'": -199.60498876596543, "b'ClSi'": -750.4163969546755, "b'GeCl'": -2536.381604402074, "b'SBe'": -413.3514054381666, "b'ClMn'": -1611.755280411992, "b'SiF'": -389.9179455766635, "b'SiBr'": -2863.1491219450086, "b'MgH'": -200.4801603652064, "b'HB'": -25.508721099720162, "b'CV'": -981.8533441317446, "b'HZn'": -1780.3711910349505, "b'NTi'": -903.861044204714, "b'NaNa'": -323.4498518316833, "b'PH'": -342.44446383145385, "b'CFe'": -1301.722124802417, "b'SP'": -740.2920782843382, "b'SeTi'": -3249.811327288454, "b'SeSc'": -3161.045362739214, "b'HLi'": -8.235178803868827, "b'BrCo'": -3956.265294888176, "b'SSc'": -1159.3161313353867, "b'SiFe'": -1553.3343069585053, "b'GaAs'": -4158.635579267232, "b'ClF'": -560.3603718666758, "b'ON'": -129.8320564569683, "b'TiV'": -1792.9205884196572, "b'ONi'": -1584.0221615013234, "b'VV'": -1887.3616793077301, "b'SiSc'": -1050.2082435150733, "b'ClCl'": -920.9792498248357, "b'BrNi'": -4081.9155538814803, "b'MgO'": -275.1379829868306, "b'BrTi'": -3422.782367317483, "b'SiO'": -365.2872437599702, "b'HH'": -1.542715784378308, "b'CaH'": -678.025442987096, "b'OCu'": -1716.0702032243562, "b'SF'": -498.5283751865948, "b'BrMn'": -3724.476980187565, "b'FO'": -175.0307706979666, "b'ClSc'": -1221.352030701712, "b'SeH'": -2401.136500064406, "b'CrCu'": -2685.2069603786626, "b'CNi'": -1546.5856096849604, "b'SCo'": -1781.6125564060678, "b'KF'": -699.1099060788154, "b'ClTi'": -1310.0636868886563, "b'AlCo'": -1625.5065519571663, "b'FBe'": -114.84676565811985, "b'AlNi'": -1751.2839630492501, "b'PAl'": -584.3566781219588, "b'GeF'": -2175.866283423012}