{"b'CFe'": -1301.7890478312825, "b'SC'": -436.7592922400968, "b'HSc'": -761.4373914774343, "b'AlLi'": -250.14566216538267, "b'NiNi'": -3017.1578011220267, "b'GaCl'": -2384.3478662860816, "b'SZn'": -2178.1724725241074, "b'PO'": -417.0501685831714, "b'NC'": -92.6950522049141, "b'FCu'": -1740.8650321123507, "b'KF'": -699.095196038236, "b'AlO'": -318.15018344742793, "b'LiCu'": -1648.3074909058262, "b'HH'": -1.5429695416107314, "b'CTi'": -887.2766720243075, "b'OZn'": -1854.9609596188686, "b'GaF'": -2023.8237894224121, "b'SiH'": -290.570270581935, "b'CH'": -38.76734328492667, "b'HV'": -944.7444609843567, "b'PP'": -683.4113256809136, "b'NCr'": -1099.078094619791, "b'FN'": -154.58780662096953, "b'HZn'": -1780.3171595041376, "b'FFe'": -1364.0042421038238, "b'SNi'": -1907.1777915227196, "b'FF'": -199.61428370141786, "b'BB'": -49.31101960134829, "b'BCo'": -1407.5897798487558, "b'KH'": -599.6883764567748, "b'AlC'": -280.6351952635321, "b'BeBe'": -29.274954310240563, "b'SeV'": -3344.4248468236788, "b'SH'": -399.33618576941245, "b'CaCa'": -1354.625617843907, "b'ClP'": -802.2134287134564, "b'CB'": -62.639051247056955, "b'AlCo'": -1625.6007259160262, "b'OH'": -76.00502610994026, "b'TiV'": -1793.0078159675265, "b'OV'": -1019.7213224616256, "b'ONi'": -1583.9555527756559, "b'AlH'": -243.49053867434435, "b'BrSc'": -3334.067727583262, "b'OB'": -100.21686861761337, "b'OSc'": -836.2136814478782, "b'MgH'": -200.48502173111441, "b'SiO'": -365.29435961091315, "b'GeH'": -2076.5317760542016, "b'SeCo'": -3783.312530990604, "b'OO'": -150.3889686673326, "b'AlCr'": -1287.1975876932647, "b'SiBr'": -2863.153383364697, "b'HTi'": -850.116911716513, "b'SiSi'": -579.6631289466734, "b'CoCo'": -2765.785752506549, "b'ClH'": -461.3177858265364, "b'ClO'": -535.6706736209321, "b'FSc'": -860.8356788495366, "b'SMg'": -598.3730278780721, "b'OFe'": -1339.1984870664846, "b'CSc'": -798.495760181153, "b'BrH'": -2574.07419934684, "b'SiN'": -344.4947156505277, "b'SiTi'": -1139.2010918170527, "b'SSi'": -688.5001002461227, "b'FC'": -137.99533278596678, "b'NaLi'": -169.17064194409528, "b'BrCr'": -3617.8855051829028, "b'HCr'": -1045.2756952048348, "b'TiTi'": -1698.4092960907972, "b'NB'": -79.48201345084023, "b'OCu'": -1716.1311296764766, "b'MgF'": -299.89170523479277, "b'NiCu'": -3149.368100433271, "b'SeFe'": -3664.245243802884, "b'OCr'": -1120.2176363022938, "b'OLi'": -82.85962342583262, "b'SN'": -453.28580546828954, "b'KK'": -1197.8513443592476, "b'SeNi'": -3908.940853510173, "b'ClMg'": -660.4175557927264, "b'MgLi'": -207.15603635857832, "b'CaF'": -777.4309406549615, "b'LiBe'": -22.12284828025343, "b'FCr'": -1144.6569862322606, "b'FV'": -1044.1248608465698, "b'PH'": -342.4571652295941, "b'STi'": -1248.118812519811, "b'ClV'": -1404.6482584156122, "b'SiB'": -314.464613385178, "b'GeBr'": -4649.114605611898, "b'FLi'": -107.64118250431032, "b'GaBr'": -4026.9996739486683, "b'FCo'": -1482.9559415807603, "b'NaNa'": -323.44609520068286, "b'AlN'": -297.38268245158844, "b'ClB'": -485.35602122376275, "b'AlAl'": -485.4536494534196, "b'NN'": -109.32815613263188, "b'ClCl'": -920.9817985328624, "b'ClAl'": -703.3967551789509, "b'SF'": -498.52563980450685, "b'SiC'": -327.7053728057426, "b'SLi'": -406.1446336160323, "b'SSc'": -1159.346952100457, "b'FBe'": -114.83371776042371, "b'SiLi'": -297.31159016366337, "b'AlF'": -342.86944941819746, "b'BTi'": -873.9880991188716, "b'SiFe'": -1553.5591473477755, "b'CC'": -76.11104627143371, "b'ClC'": -498.48816254888294, "b'ClCo'": -1843.4834851369253, "b'ScSc'": -1520.8877345037868, "b'NTi'": -903.8859559850199, "b'HNi'": -1509.3186769724327, "b'VV'": -1887.481175836535, "b'FB'": -124.84831948706773, "b'SCu'": -2039.4352827383661, "b'BrCu'": -4214.166050737582, "b'PF'": -441.74676408391434, "b'PAl'": -584.3666659269351, "b'SiF'": -389.91783829352795, "b'CaO'": -752.6533943159216, "b'OMn'": -1226.6141234615366, "b'FTi'": -949.5533968135272, "b'ClZn'": -2240.2496765236365, "b'SiSc'": -1050.3248584267847, "b'BSc'": -785.0108123569796, "b'NV'": -998.4590803072489, "b'NaF'": -261.8766646859433, "b'GeCl'": -2536.3841035089918, "b'SiCu'": -1930.6303877456494, "b'ClTi'": -1310.0763873982528, "b'PB'": -366.3699934220406, "b'BrMn'": -3724.5239424653146, "b'TiCo'": -2198.2050649913253, "b'FMn'": -1251.3212196716775, "b'HCu'": -1641.5528566347002, "b'HFe'": -1264.4668522801755, "b'HB'": -25.50969201031071, "b'BV'": -968.67087994723, "b'OBe'": -90.12695621296695, "b'FO'": -175.04669664705597, "b'SMn'": -1549.8514174350037, "b'OC'": -113.47501477358676, "b'OTi'": -925.0698789398571, "b'ClNi'": -1969.1885007626433, "b'SV'": -1342.676145568214, "b'PSi'": -631.3816533544677, "b'ClBe'": -475.35461271924055, "b'AlV'": -1186.6478608944683, "b'SiCo'": -1672.5424085729032, "b'FZn'": -1879.7488537150257, "b'BrZn'": -4352.990347306516, "b'SAl'": -641.3607998192974, "b'NaO'": -237.09031634524376, "b'BrFe'": -3837.225963229154, "b'PN'": -396.5206862205005, "b'SBe'": -413.35064372999125, "b'ClMn'": -1611.7975311242355, "b'GeF'": -2175.869430206861, "b'LiLi'": -14.899231269456271, "b'NSc'": -815.4350487153098, "b'ClSc'": -1221.3568817589883, "b'CV'": -981.8590338329603, "b'SB'": -423.2871439997477, "b'PC'": -379.5698415363603, "b'GaAs'": -4158.5663358743395, "b'SeH'": -2401.139941781286, "b'ClCr'": -1505.1773888626744, "b'SeTi'": -3249.865557581021, "b'SFe'": -1662.4943665578826, "b'CaH'": -678.049480605281, "b'BrTi'": -3422.7923132944725, "b'ClF'": -560.3612517613506, "b'CNi'": -1546.566036869192, "b'CoCu'": -3023.674647125469, "b'BrNi'": -4081.9190615979624, "b'HCo'": -1383.6049129915687, "b'AlNi'": -1751.3035479464488, "b'AlCu'": -1883.5588496437513, "b'BrCo'": -3956.2438269146583, "b'ClFe'": -1724.4948367538123, "b'HBe'": -15.4679092098136, "b'SeSc'": -3161.085768691857, "b'OCo'": -1458.3375615082873, "b'ClN'": -515.0939663581014, "b'GaH'": -1924.6043202618841, "b'SP'": -740.2866782047427, "b'BFe'": -1288.5821361557514, "b'ON'": -129.82662186500664, "b'SO'": -473.8678099160428, "b'MgO'": -275.1413586625285, "b'HMn'": -1151.8962308576256, "b'AsH'": -2235.5018287893627, "b'SiAl'": -532.545707437041, "b'ClNa'": -622.4296396286159, "b'CrCu'": -2685.319767539967, "b'CrCr'": -2088.6729323350514, "b'FeFe'": -2527.4617567799874, "b'VNi'": -2413.509949348458, "b'BrV'": -3517.3769585703326, "b'HLi'": -8.233011178625617, "b'SiNi'": -1798.3110697821485, "b'BNi'": -1533.2082925510963, "b'SS'": -797.0469743914839, "b'FNi'": -1608.6294182681415, "b'SCo'": -1781.538621844436, "b'FH'": -100.77536319880929, "b'SCr'": -1443.1603701310198, "b'MgMg'": -399.3992193426967, "b'ClCu'": -2101.419082099425, "b'SiV'": -1233.7496044480536, "b'NaH'": -162.47676030091975, "b'ClSi'": -750.4188124312124}