{"b'SiLi'": -297.31461108732975, "b'FCo'": -1483.0157981959633, "b'AlCo'": -1625.6007532199233, "b'BrZn'": -4352.994298757685, "b'CaF'": -777.4294005861443, "b'OTi'": -924.9979038624549, "b'ClV'": -1404.634549304091, "b'CrCr'": -2088.666066866594, "b'SiH'": -290.57045623519616, "b'NN'": -109.30207385377327, "b'ClP'": -802.2131888095535, "b'BrSc'": -3334.0756200934634, "b'SCu'": -2039.4308752154532, "b'FNi'": -1608.656852764089, "b'BrCo'": -3956.24811160607, "b'KH'": -599.6862644840835, "b'ClCu'": -2101.41058974131, "b'LiCu'": -1648.3014396923413, "b'CoCo'": -2765.716439599348, "b'HV'": -944.7262863455167, "b'VNi'": -2429.221294880298, "b'HSc'": -761.4398984915629, "b'FH'": -100.77436721603968, "b'GeH'": -2076.5199032218725, "b'OCu'": -1716.1279756592464, "b'SV'": -1342.6973989249045, "b'SS'": -797.0899180772947, "b'SeV'": -3344.4327920168616, "b'NaH'": -162.4762823805603, "b'AlH'": -243.50134503086073, "b'AlNi'": -1751.258721038188, "b'BrMn'": -3724.5160178574993, "b'CB'": -62.603115349109515, "b'BeBe'": -29.275264950918626, "b'FB'": -124.84528551253857, "b'CrCu'": -2685.281548759159, "b'ClMn'": -1611.784301193359, "b'SSi'": -688.5019625526451, "b'ClCr'": -1505.1563904592308, "b'ClBe'": -475.349788281935, "b'OB'": -100.21625867078076, "b'BTi'": -873.9729615006054, "b'OSc'": -836.2160752187322, "b'BrFe'": -3837.212571290506, "b'ClFe'": -1724.4970900641235, "b'SiFe'": -1553.558796308619, "b'MgH'": -200.48266671349174, "b'FeFe'": -2527.5139865180563, "b'SeNi'": -3908.9428557449846, "b'AsH'": -2235.5024029637484, "b'NC'": -92.68632076666093, "b'PH'": -342.45465681161784, "b'PB'": -366.3520026782956, "b'SNi'": -1907.1752383074192, "b'GaBr'": -4497.0980339009575, "b'CNi'": -1546.5767624584278, "b'OCr'": -1119.9514031411638, "b'MgF'": -299.8898774938416, "b'FMn'": -1251.3067703275465, "b'SH'": -399.3387863048025, "b'BCo'": -1407.4784104449018, "b'FBe'": -114.83316240467913, "b'FCr'": -1144.6524760710117, "b'AlCu'": -1883.5584386913672, "b'SB'": -423.29411335103964, "b'PC'": -379.5825382944905, "b'TiCo'": -2232.008792464417, "b'SeTi'": -3249.8225857451807, "b'HCu'": -1641.5503216738978, "b'HZn'": -1780.334064758531, "b'ScSc'": -1520.8740015018875, "b'PF'": -441.74022975827364, "b'AlLi'": -250.15990564576725, "b'SiAl'": -532.5541146004675, "b'CaCa'": -1354.6114347236112, "b'BrTi'": -3422.7888448743447, "b'ClN'": -515.0972857998473, "b'ClTi'": -1310.0691017765166, "b'VV'": -1887.4710848796485, "b'PAl'": -584.38488123412, "b'BrCr'": -3617.8838396682027, "b'ClC'": -498.487242438763, "b'ON'": -129.82330062601764, "b'SeSc'": -3161.0722092005494, "b'FFe'": -1364.032482222594, "b'MgO'": -275.1527246548326, "b'PSi'": -631.3949962575244, "b'CaH'": -678.0429116112409, "b'HNi'": -1509.2995663029533, "b'SAl'": -641.3705984356889, "b'SiCo'": -1672.2410226825814, "b'ClH'": -461.30967935191086, "b'AlF'": -342.87772953342056, "b'TiTi'": -1698.388868379577, "b'SO'": -473.8728984006501, "b'CTi'": -887.1734506891416, "b'FV'": -1044.103567505705, "b'OCo'": -1458.3414838115275, "b'SLi'": -406.14661566076745, "b'HMn'": -1151.8745727309654, "b'BrH'": -2574.06392631281, "b'OC'": -113.48518640017394, "b'BSc'": -784.9936029728248, "b'KF'": -699.0910133386802, "b'ClSi'": -750.4159664768808, "b'ClAl'": -703.3960010380516, "b'SSc'": -1159.3535410196955, "b'SiV'": -1233.7595281503322, "b'STi'": -1248.1121198418484, "b'CoCu'": -3023.668318373718, "b'OLi'": -82.86795982300265, "b'NTi'": -903.8653446698569, "b'SFe'": -1662.500466249062, "b'SiN'": -344.4901607762921, "b'HFe'": -1264.5139637889774, "b'CSc'": -798.5065881262118, "b'HH'": -1.5409572688001703, "b'SiSi'": -579.6587391729765, "b'SiBr'": -2863.143397613866, "b'NaF'": -261.87518340092583, "b'OZn'": -1854.9749884528528, "b'SeH'": -2401.133351100886, "b'SCo'": -1781.570905943107, "b'GeF'": -2175.859240537663, "b'OO'": -150.39182829635433, "b'SiSc'": -1050.2774847796354, "b'BV'": -968.659044308694, "b'NiNi'": -3017.111908771125, "b'ONi'": -1583.9703141705795, "b'AlCr'": -1287.173128016537, "b'FC'": -137.98976771833867, "b'PN'": -396.5007908021383, "b'SeCo'": -3783.3332160504956, "b'SBe'": -413.3505012510048, "b'FSc'": -860.8415359546393, "b'NCr'": -1099.0860988538388, "b'BB'": -49.29683160608381, "b'HB'": -25.50799086959855, "b'SCr'": -1443.151458439328, "b'SiB'": -314.4354506945266, "b'GaCl'": -2384.356987836432, "b'BrCu'": -4214.149201737335, "b'NV'": -998.5696721478914, "b'OFe'": -1339.2154167130636, "b'AlC'": -280.65134024276404, "b'KK'": -1197.85679903866, "b'SiO'": -365.3102024579986, "b'NaLi'": -169.17852439976417, "b'SN'": -453.28638172318443, "b'HCr'": -1045.2628640741063, "b'FO'": -175.0398371249998, "b'CaO'": -752.6766020229892, "b'AlV'": -1186.640792282717, "b'BrV'": -3517.3995852230037, "b'ClNa'": -622.4191773536862, "b'BFe'": -1288.425639072474, "b'LiBe'": -22.123901074161836, "b'BrNi'": -4081.898331066242, "b'AlN'": -297.40192446219714, "b'ClCo'": -1843.507415261864, "b'SiTi'": -1139.1672609937575, "b'SZn'": -2178.1851283849305, "b'SiCu'": -1930.625802071551, "b'OBe'": -90.14275041576289, "b'NB'": -79.46674040348387, "b'ClB'": -485.34614894263893, "b'TiV'": -1792.9871740003948, "b'HTi'": -850.1001706687197, "b'PO'": -417.05643881839296, "b'NaNa'": -323.4520929150987, "b'LiLi'": -14.908713668934169, "b'OV'": -1019.6872253470201, "b'AlO'": -318.1680021763082, "b'SC'": -436.7581084337618, "b'AlAl'": -485.4767288853392, "b'FN'": -154.57752060741936, "b'SiC'": -327.7071393235519, "b'SiNi'": -1798.3208052323387, "b'SiF'": -389.9115477708284, "b'FZn'": -1879.7519032754578, "b'OH'": -76.00835468475154, "b'MgMg'": -399.40005208851926, "b'GaF'": -2023.8442500968365, "b'BNi'": -1533.2100220197058, "b'ClZn'": -2240.248140426088, "b'NiCu'": -3149.346096817037, "b'GeBr'": -4649.102794133212, "b'GeCl'": -2536.3754424335475, "b'SF'": -498.5237210640274, "b'NSc'": -815.4268509188095, "b'GaH'": -1924.6114305074188, "b'SMg'": -598.3699644878786, "b'ClF'": -560.3535017545383, "b'SP'": -740.3015545144438, "b'FTi'": -949.5520210593647, "b'ClO'": -535.6730340351951, "b'SMn'": -1549.8485612314003, "b'CC'": -76.10420844253312, "b'ClSc'": -1221.3539541516307, "b'ClMg'": -660.4062237640449, "b'ClNi'": -1969.1650602476068, "b'HLi'": -8.23562869691002, "b'MgLi'": -207.1634697980671, "b'CV'": -981.85665820603, "b'CFe'": -1301.7774012271109, "b'ClCl'": -920.9704925966504, "b'FLi'": -107.64168508583975, "b'HBe'": -15.468531860815755, "b'CH'": -38.766555911564204, "b'FF'": -199.60830407123683, "b'HCo'": -1383.6169972845353, "b'PP'": -683.4098567743588, "b'FCu'": -1740.8672228145917, "b'SeFe'": -3664.229781283094, "b'NaO'": -237.0958541696528, "b'GaAs'": -4158.582408645102, "b'OMn'": -1226.6137917974486}