{"b'TiTi'": -1698.3926506965859, "b'BrCr'": -3617.8763345454204, "b'AlLi'": -250.13639686920203, "b'PH'": -342.4502412401814, "b'AlN'": -297.40425980456826, "b'NiNi'": -3017.1059377285933, "b'ClH'": -461.3194153968391, "b'LiBe'": -22.113574551954713, "b'ScSc'": -1520.8841474787778, "b'AlF'": -342.8689638909281, "b'SCo'": -1781.5626195245193, "b'FCu'": -1740.8679225999788, "b'NC'": -92.69775931758599, "b'ClC'": -498.4968452423675, "b'GaAs'": -4158.582400666227, "b'SBe'": -413.3552631364569, "b'SB'": -423.290938502185, "b'FBe'": -114.83757055708003, "b'SF'": -498.5325550024314, "b'GaF'": -2023.8456285905218, "b'FV'": -1044.1307195611603, "b'BCo'": -1407.585677998194, "b'SMn'": -1549.8489770281979, "b'ClB'": -485.3610763017958, "b'SeFe'": -3664.244212805493, "b'AlCo'": -1625.580635652915, "b'SiTi'": -1139.192780750768, "b'MgF'": -299.8931893879747, "b'SCu'": -2039.4415809121517, "b'OSc'": -836.2025040317574, "b'NSc'": -815.433787582585, "b'SSi'": -688.5072136133819, "b'SiLi'": -297.29642327946743, "b'GeCl'": -2536.395903439505, "b'HFe'": -1264.4985661312755, "b'ClP'": -802.2203668353534, "b'NaF'": -261.88110933577263, "b'GaH'": -1924.617151773588, "b'NV'": -998.5801930435223, "b'NCr'": -1099.1081841785676, "b'SiCu'": -1930.6310550619876, "b'HZn'": -1780.3391084732568, "b'FC'": -137.99782432444394, "b'FeFe'": -2527.4215861367284, "b'OFe'": -1339.1892872070152, "b'FZn'": -1879.7498397221725, "b'FN'": -154.58436566064304, "b'SeSc'": -3161.0968143791465, "b'FCo'": -1482.981356406377, "b'SMg'": -598.3767949599733, "b'NTi'": -903.8773733140204, "b'SAl'": -641.3664741691871, "b'PN'": -396.520330700118, "b'CaCa'": -1354.5947095774166, "b'BFe'": -1288.403632522403, "b'ClCu'": -2101.4170286469152, "b'ClAl'": -703.3924192126427, "b'SC'": -436.7667731802602, "b'CoCu'": -3023.677967964437, "b'SeV'": -3344.427173289855, "b'SiCo'": -1672.5388910066754, "b'AlAl'": -485.44525623988983, "b'SiAl'": -532.5381373096225, "b'SSc'": -1159.359040888616, "b'AlC'": -280.636762645641, "b'OC'": -113.48049130003471, "b'SH'": -399.3433429127604, "b'ClCl'": -920.9937945436137, "b'FCr'": -1144.6566532448505, "b'MgMg'": -399.394606252124, "b'BrCo'": -3956.218495920062, "b'SiO'": -365.29946514619434, "b'FO'": -175.04502111186252, "b'FMn'": -1251.314010718436, "b'BrH'": -2574.071798973701, "b'PSi'": -631.3944608897483, "b'BNi'": -1533.2048303414276, "b'MgH'": -200.48410619321422, "b'PC'": -379.57856507865563, "b'BSc'": -785.010675872246, "b'VV'": -1887.4754395334837, "b'OV'": -1019.6809940924654, "b'SiV'": -1233.7685390571396, "b'BV'": -968.6670643287702, "b'GaCl'": -2384.3698547968484, "b'ClO'": -535.6777610885056, "b'SiB'": -314.4571514978353, "b'GaBr'": -4497.106537659114, "b'ONi'": -1583.9418884699876, "b'ClTi'": -1310.0756158085724, "b'VNi'": -2452.3963873348875, "b'PP'": -683.4106040443346, "b'KH'": -599.6932138825546, "b'CC'": -76.1104683292277, "b'CTi'": -887.1679057086294, "b'CV'": -981.863394063128, "b'TiV'": -1793.007087714828, "b'OCo'": -1458.3242852172593, "b'NaH'": -162.48040831742057, "b'SO'": -473.87771728343506, "b'ClNi'": -1969.1771953149048, "b'HTi'": -850.1077115879199, "b'BTi'": -873.9876794653399, "b'CrCr'": -2088.672593638899, "b'SeH'": -2401.147180571836, "b'PB'": -366.3546026023108, "b'NaNa'": -323.44964978608635, "b'NiCu'": -3149.352177157106, "b'ClCo'": -1843.4854803922806, "b'BrCu'": -4214.151523458397, "b'NaLi'": -169.16718164718463, "b'FB'": -124.85157243655844, "b'HNi'": -1509.3172802339006, "b'SV'": -1342.6902696802235, "b'SiF'": -389.91921417056614, "b'CaO'": -752.6477600235527, "b'FSc'": -860.8437960525662, "b'HV'": -944.7442479968332, "b'PF'": -441.74363164874575, "b'HB'": -25.511925808053057, "b'BrFe'": -3837.2317361372725, "b'GeH'": -2076.531642157548, "b'SeTi'": -3249.8564704848995, "b'OO'": -150.40020560131714, "b'AlCu'": -1883.5491526452536, "b'SS'": -797.0849157645682, "b'BrTi'": -3422.7907035863263, "b'CaF'": -777.4272975764704, "b'NN'": -109.33221899922057, "b'SP'": -740.2993863444871, "b'MgLi'": -207.14677585146543, "b'ClMg'": -660.4138786449245, "b'LiCu'": -1648.2925733940015, "b'SNi'": -1907.1750404592185, "b'HCu'": -1641.5547973010587, "b'OBe'": -90.12897815142752, "b'OCu'": -1716.1269518370586, "b'OMn'": -1226.6081571999205, "b'PO'": -417.049223294971, "b'HCr'": -1045.2715146489113, "b'SeNi'": -3908.957445311961, "b'SFe'": -1662.501392874831, "b'CSc'": -798.4944373400791, "b'ClV'": -1404.6516111045546, "b'CrCu'": -2685.299756043027, "b'SN'": -453.30274526610367, "b'ClBe'": -475.35712377244715, "b'ClSi'": -750.4228613703774, "b'SiFe'": -1553.5502480013645, "b'CFe'": -1301.7843956723257, "b'BrNi'": -4081.9117605771753, "b'ClSc'": -1221.3608757370466, "b'NaO'": -237.09010107743364, "b'NB'": -79.47851929589467, "b'SiNi'": -1798.3088227526919, "b'ClNa'": -622.4318544180398, "b'ClN'": -515.1114804194119, "b'AlCr'": -1287.177689675078, "b'HMn'": -1151.8862289684491, "b'AlH'": -243.4879903357906, "b'FLi'": -107.6384451628895, "b'SeCo'": -3783.322797988334, "b'KK'": -1197.8569250279054, "b'STi'": -1248.1167845605453, "b'TiCo'": -2205.362140990766, "b'ON'": -129.83108488473027, "b'FNi'": -1608.6277543309284, "b'SiH'": -290.5728622839839, "b'FFe'": -1364.0367692456546, "b'SiSc'": -1050.2465815500293, "b'GeBr'": -4649.1200256670945, "b'FH'": -100.7781025669058, "b'CB'": -62.63758315361693, "b'BrV'": -3517.367535648696, "b'SiC'": -327.7107233409698, "b'ClF'": -560.3664167430065, "b'BB'": -49.30305137836923, "b'PAl'": -584.3679977285395, "b'SZn'": -2178.184680433652, "b'MgO'": -275.141850432915, "b'CoCo'": -2765.6798275929323, "b'BeBe'": -29.27336440634787, "b'LiLi'": -14.888995437451483, "b'KF'": -699.0992541514213, "b'OB'": -100.21339505440065, "b'OCr'": -1120.182191197356, "b'GeF'": -2175.866379389178, "b'SLi'": -406.14133786975674, "b'SiN'": -344.5033463009974, "b'SiBr'": -2863.157443965624, "b'ClCr'": -1505.1705475045085, "b'OLi'": -82.85197160404162, "b'OZn'": -1854.9605975949223, "b'SCr'": -1443.1651086376735, "b'HLi'": -8.229042269716338, "b'BrZn'": -4352.9993679557665, "b'CNi'": -1546.5678420609531, "b'AlO'": -318.14670087060097, "b'ClMn'": -1611.7965836653566, "b'BrMn'": -3724.5292312106853, "b'CaH'": -678.042352170603, "b'SiSi'": -579.574198748426, "b'ClFe'": -1724.490770578898, "b'BrSc'": -3334.093844914825, "b'OH'": -76.00408227707898, "b'CH'": -38.772689142768456, "b'HH'": -1.544930276997992, "b'HSc'": -761.4413579827738, "b'AlV'": -1186.6451732367298, "b'FTi'": -949.5574709268633, "b'FF'": -199.61756698437034, "b'HCo'": -1383.6139575052882, "b'OTi'": -924.9925760873919, "b'HBe'": -15.466075191443247, "b'AlNi'": -1751.2974802219044, "b'AsH'": -2235.506548095745, "b'ClZn'": -2240.259324912659}