{"b'FCr'": -1144.650575199902, "b'SeTi'": -3249.8318032556717, "b'SMn'": -1549.6811162960084, "b'SLi'": -406.1431494914755, "b'AsH'": -2235.497694692225, "b'BrV'": -3517.385206847517, "b'BNi'": -1533.1785259154244, "b'CSc'": -798.5012887806402, "b'FTi'": -949.5515683830447, "b'SZn'": -2178.1904946089035, "b'BV'": -968.6365078414229, "b'AlF'": -342.86696895972983, "b'SFe'": -1662.4974244440664, "b'GeH'": -2076.5203194606847, "b'ClO'": -535.6716984812962, "b'NC'": -92.69704338469992, "b'SiTi'": -1139.1262152750185, "b'OTi'": -924.9673522476437, "b'TiCo'": -2231.916212967369, "b'SiC'": -327.6895688286462, "b'SiB'": -314.41623722321896, "b'SCr'": -1443.1207615466574, "b'CTi'": -887.088191399588, "b'SNi'": -1907.176696656586, "b'OC'": -113.46990093952967, "b'HMn'": -1151.6645917183366, "b'CaF'": -777.4249808368922, "b'GeBr'": -4649.1186073515455, "b'SiV'": -1233.5857229893559, "b'OBe'": -90.12489857917836, "b'FLi'": -107.64286296055658, "b'FCu'": -1740.86840532012, "b'OO'": -150.39157868900068, "b'ClSi'": -750.4144540330034, "b'NTi'": -903.8716035475056, "b'SiFe'": -1553.2967316385766, "b'AlO'": -318.13949125197263, "b'BTi'": -873.9537976366408, "b'BrCr'": -3617.876936252589, "b'STi'": -1248.0995555686509, "b'ClCu'": -2101.4138115825917, "b'OB'": -100.20856734929936, "b'VNi'": -2452.2673434115786, "b'FV'": -1044.1542940338204, "b'NiNi'": -3017.044291914848, "b'LiBe'": -22.10974574894011, "b'ClCr'": -1505.1542416772816, "b'AlCo'": -1625.5224107933475, "b'FFe'": -1364.0414199760903, "b'HLi'": -8.229565205917641, "b'FSc'": -860.8335497272531, "b'NCr'": -1099.0415305054532, "b'ClH'": -461.3119649076296, "b'CaO'": -752.6492094406898, "b'SeSc'": -3161.049012508328, "b'NaH'": -162.4756752335501, "b'OLi'": -82.86061530133152, "b'ClAl'": -703.3845379301966, "b'FN'": -154.5816798700782, "b'FH'": -100.77792338277787, "b'CrCr'": -2088.6532672937506, "b'HH'": -1.53935369981485, "b'KF'": -699.100181661889, "b'HFe'": -1264.4425595226362, "b'ClCl'": -920.9793675835479, "b'TiV'": -1792.952533610232, "b'SH'": -399.34025277671935, "b'PO'": -417.04280521449255, "b'AlN'": -297.3934475538673, "b'LiCu'": -1648.2895022432567, "b'CNi'": -1546.5804259934657, "b'ClF'": -560.3576591652269, "b'AlC'": -280.6273076902241, "b'OFe'": -1339.2038878902624, "b'TiTi'": -1698.3852183197992, "b'SCu'": -2039.4240615088781, "b'ClB'": -485.34922643826167, "b'GaCl'": -2384.3641532843194, "b'ClCo'": -1843.518642210469, "b'SV'": -1342.6825985612688, "b'KH'": -599.6911647527077, "b'SP'": -740.2955469256433, "b'SB'": -423.2885513762306, "b'SeFe'": -3664.241428171589, "b'BB'": -49.27613077563723, "b'SCo'": -1781.5830621900961, "b'ClNi'": -1969.176109586192, "b'HCr'": -1045.247631189751, "b'GeF'": -2175.8716964308614, "b'AlNi'": -1751.2124537989894, "b'ScSc'": -1520.74093714829, "b'ClZn'": -2240.2594566598877, "b'SiO'": -365.29048518331473, "b'FF'": -199.60793931088068, "b'BrCo'": -3956.252617277471, "b'NV'": -998.4744110391704, "b'FB'": -124.84781889220196, "b'CaCa'": -1354.5821804643324, "b'SeH'": -2401.131879832062, "b'BrFe'": -3837.22820633411, "b'SO'": -473.86873282596713, "b'ONi'": -1583.9761528757517, "b'CrCu'": -2685.2605571111712, "b'OZn'": -1854.9709164338653, "b'BFe'": -1288.423521944614, "b'ClTi'": -1310.0653546131532, "b'OMn'": -1226.595270486448, "b'HZn'": -1780.346907702092, "b'PSi'": -631.3825842709906, "b'ClV'": -1404.6824397569617, "b'SAl'": -641.3458169081363, "b'HCu'": -1641.5518065282824, "b'BrH'": -2574.069403765119, "b'ClN'": -515.1056957969331, "b'NB'": -79.47889809833333, "b'CC'": -76.10382997180864, "b'SiSi'": -579.5569848214255, "b'GaH'": -1924.6132935028654, "b'PF'": -441.7419488000541, "b'PN'": -396.512767919439, "b'ClFe'": -1724.5032142657494, "b'NaF'": -261.88080360708574, "b'FO'": -175.0381903297632, "b'BCo'": -1407.4168668853172, "b'BeBe'": -29.266976635203953, "b'SeNi'": -3908.9552396037375, "b'SiLi'": -297.3033447623912, "b'HSc'": -761.4202563065274, "b'CB'": -62.58976610420741, "b'SiBr'": -2863.1416510460713, "b'ClP'": -802.2144516466784, "b'HV'": -944.7242246754099, "b'FNi'": -1608.6649306105148, "b'HNi'": -1509.3043867267872, "b'SiH'": -290.5636729017025, "b'NN'": -109.32429037502217, "b'GaBr'": -4497.097494455176, "b'HCo'": -1383.6184037142664, "b'SS'": -797.0799562754423, "b'PAl'": -584.3573224240574, "b'CoCu'": -3023.663429110484, "b'FBe'": -114.83422398509798, "b'AlLi'": -250.1388464779847, "b'CoCo'": -2765.6782639758794, "b'CV'": -981.6798437201379, "b'SSc'": -1159.332965291162, "b'CFe'": -1301.5460514253512, "b'GaF'": -2023.8475284178055, "b'OSc'": -836.1723088990302, "b'BrTi'": -3422.7755240598294, "b'MgMg'": -399.3985172257847, "b'AlCu'": -1883.5373513378133, "b'BSc'": -784.9774095797304, "b'FMn'": -1251.3027656572906, "b'NSc'": -815.4111795715579, "b'ClMg'": -660.4088072387837, "b'PP'": -683.404550997569, "b'ClBe'": -475.3466527229327, "b'NaLi'": -169.1737405647675, "b'BrMn'": -3724.508423916078, "b'SiF'": -389.91300747451817, "b'KK'": -1197.8645009177544, "b'FeFe'": -2527.358392935111, "b'NaO'": -237.09399877922323, "b'SMg'": -598.3719953566399, "b'SBe'": -413.34827453055084, "b'SeCo'": -3783.3253593875497, "b'PH'": -342.4514372688123, "b'MgLi'": -207.1556930359449, "b'FCo'": -1483.0169436813928, "b'AlAl'": -485.4352694853364, "b'SC'": -436.756479751254, "b'HBe'": -15.461971091050458, "b'SiCu'": -1930.6152746565963, "b'ClNa'": -622.4249732019858, "b'SF'": -498.52820212929555, "b'SiCo'": -1672.4422583332778, "b'BrZn'": -4352.997122035858, "b'GaAs'": -4158.565413052773, "b'FC'": -137.99185026281543, "b'MgH'": -200.47989183694378, "b'ClC'": -498.48855055061813, "b'OV'": -1019.6594580751963, "b'AlH'": -243.48337426304568, "b'BrNi'": -4081.9083879430455, "b'SiN'": -344.49296705769643, "b'BrSc'": -3334.063176547218, "b'ON'": -129.82879203904704, "b'GeCl'": -2536.380628198725, "b'OCr'": -1120.1859520247303, "b'ClMn'": -1611.7834971439343, "b'NaNa'": -323.4496500116137, "b'MgF'": -299.8960921978028, "b'PC'": -379.57174070297737, "b'SiSc'": -1050.238610518375, "b'MgO'": -275.1433890682017, "b'CaH'": -678.0348029829835, "b'OCo'": -1458.3507990343048, "b'OH'": -76.00709649207047, "b'AlV'": -1186.616611859642, "b'FZn'": -1879.7571385715516, "b'SiNi'": -1798.3122060818946, "b'NiCu'": -3149.3698937415757, "b'HB'": -25.504513567327955, "b'SSi'": -688.4988473825063, "b'AlCr'": -1287.1693419459061, "b'SN'": -453.29879474153637, "b'PB'": -366.3399187322963, "b'LiLi'": -14.901553632483532, "b'OCu'": -1716.0905610706252, "b'SiAl'": -532.5196802436255, "b'VV'": -1887.4357700831129, "b'BrCu'": -4214.154703848968, "b'HTi'": -850.0915057465489, "b'ClSc'": -1221.3452515268586, "b'CH'": -38.764808218919654, "b'SeV'": -3344.4332683228076}