{"b'HCu'": -1641.5537884264643, "b'SV'": -1342.6937080046657, "b'GeBr'": -4649.10981004841, "b'ClSi'": -750.4217256597823, "b'AlH'": -243.49741037927146, "b'SiSi'": -579.6616419742594, "b'SBe'": -413.3520376970707, "b'BrZn'": -4352.97784375193, "b'BFe'": -1288.5234197017728, "b'BrSc'": -3334.0910671407432, "b'SS'": -797.0941347311841, "b'MgO'": -275.1480230984779, "b'CaF'": -777.4240676578767, "b'SiH'": -290.5732525344422, "b'FZn'": -1879.733726769493, "b'SiBr'": -2863.146947334283, "b'CoCu'": -3023.671018315196, "b'KH'": -599.687645288105, "b'ClZn'": -2240.2382881930644, "b'PSi'": -631.3996334190394, "b'GaH'": -1924.5969332525933, "b'SiC'": -327.719119378339, "b'BCo'": -1407.5658094914584, "b'BSc'": -785.0106175192075, "b'MgMg'": -399.39773144224455, "b'OFe'": -1339.1924695100008, "b'FF'": -199.61905761389565, "b'ClCr'": -1505.1770379671125, "b'BNi'": -1533.2139060844854, "b'FBe'": -114.83119937404346, "b'SFe'": -1662.4803825168947, "b'MgH'": -200.48435922605023, "b'BrFe'": -3837.2166107761577, "b'HH'": -1.5446868018856657, "b'SiLi'": -297.30063537702006, "b'HB'": -25.511005549970278, "b'FN'": -154.58182523803552, "b'FB'": -124.84632668243904, "b'ClH'": -461.3174823721007, "b'GaCl'": -2384.3426680955654, "b'SeSc'": -3161.0894454169047, "b'ON'": -129.83088078042977, "b'ONi'": -1583.926820664644, "b'ClNa'": -622.4282777916288, "b'TiCo'": -2207.4191809476947, "b'GaAs'": -4158.5617326639685, "b'NaF'": -261.8743677585789, "b'FMn'": -1251.3162143685654, "b'AlCu'": -1883.5609657041182, "b'PB'": -366.35471724601103, "b'SeCo'": -3783.2993499441973, "b'FCu'": -1740.8609627942858, "b'SMg'": -598.3742585835942, "b'HSc'": -761.4469885048934, "b'AlN'": -297.3778878851365, "b'OSc'": -836.2280100964662, "b'SiTi'": -1139.2064906123423, "b'ClO'": -535.6822538080551, "b'LiLi'": -14.893018367574742, "b'AlC'": -280.64798575218987, "b'OB'": -100.22255873552841, "b'ClCu'": -2101.4173637952977, "b'HV'": -944.750195757537, "b'PO'": -417.0589648817828, "b'CV'": -981.8574498480752, "b'OCr'": -1120.1677883456534, "b'HLi'": -8.230320095524752, "b'NV'": -998.474702282877, "b'CaO'": -752.6643425782636, "b'SO'": -473.8793752278936, "b'BTi'": -873.9949278902602, "b'NN'": -109.3159529797858, "b'FCr'": -1144.6628044532629, "b'SN'": -453.2945433150992, "b'OV'": -1019.6694825096226, "b'NC'": -92.69245766679572, "b'HMn'": -1151.8969355662502, "b'FO'": -175.05357782068168, "b'ClB'": -485.3564181513441, "b'SMn'": -1549.8647497536158, "b'SNi'": -1907.162641735108, "b'CC'": -76.1094009973453, "b'ClV'": -1404.654665485036, "b'SeNi'": -3908.948404339987, "b'SeH'": -2401.144689520669, "b'BB'": -49.30301597705663, "b'SiNi'": -1798.306281498994, "b'BeBe'": -29.27494220106155, "b'FH'": -100.77485205668532, "b'HNi'": -1509.2822701228808, "b'FCo'": -1482.9552299492202, "b'SeFe'": -3664.218121577019, "b'CoCo'": -2765.697781165643, "b'FLi'": -107.63473740580378, "b'ClFe'": -1724.487801816884, "b'SSi'": -688.5068880598503, "b'STi'": -1248.1169614616265, "b'PAl'": -584.3792081617083, "b'BrCo'": -3956.2345666179067, "b'GeH'": -2076.5323773843593, "b'ClF'": -560.3615612882602, "b'AlLi'": -250.14752250762933, "b'SCr'": -1443.1927245306665, "b'CrCu'": -2685.32726918563, "b'OBe'": -90.14036497107583, "b'KK'": -1197.8493595853572, "b'CNi'": -1546.56118737555, "b'PC'": -379.589470399412, "b'NiNi'": -3017.0859480310983, "b'VNi'": -2444.336473341451, "b'SiO'": -365.31376224445086, "b'NaNa'": -323.4501897142418, "b'SCu'": -2039.440846360491, "b'ClMn'": -1611.7974098732038, "b'SB'": -423.2903727886862, "b'OTi'": -924.9842555468512, "b'ClNi'": -1969.1566540947106, "b'VV'": -1887.498491213863, "b'CrCr'": -2088.6774909390397, "b'AlO'": -318.1631062099493, "b'ClCo'": -1843.4629967352605, "b'NSc'": -815.4371702931272, "b'FTi'": -949.5576414333215, "b'OCo'": -1458.3172133564842, "b'ClP'": -802.2170023430608, "b'CH'": -38.77144197991679, "b'AsH'": -2235.503385228542, "b'PH'": -342.4516911958946, "b'HTi'": -850.1577357208898, "b'HCr'": -1045.280570971447, "b'OMn'": -1226.6019694028532, "b'BrTi'": -3422.7937756874094, "b'MgLi'": -207.1503007796807, "b'AlCo'": -1625.5934492283152, "b'BrH'": -2574.0770054265213, "b'SiSc'": -1050.3191459901116, "b'SiV'": -1233.7645906314438, "b'ScSc'": -1520.8346065029118, "b'SeV'": -3344.4284620848057, "b'AlAl'": -485.4636165194976, "b'ClC'": -498.496708282456, "b'LiCu'": -1648.3036602636737, "b'ClN'": -515.1104094759066, "b'SeTi'": -3249.832988323917, "b'SiB'": -314.45327637741866, "b'ClBe'": -475.35494389270383, "b'AlV'": -1186.6606918233836, "b'HCo'": -1383.6443317620704, "b'AlF'": -342.8730851030225, "b'FFe'": -1364.0308608115108, "b'OCu'": -1716.1348220707976, "b'LiBe'": -22.11536762447357, "b'BrV'": -3517.3841127379665, "b'ClTi'": -1310.083840732057, "b'SH'": -399.34144979908694, "b'NaLi'": -169.1697128751094, "b'CTi'": -887.2443167888173, "b'FNi'": -1608.6116758580517, "b'PF'": -441.73934401820054, "b'BV'": -968.6733962559798, "b'FSc'": -860.8405849125394, "b'GeCl'": -2536.383253484272, "b'SCo'": -1781.541043875103, "b'SSc'": -1159.3692082236744, "b'CB'": -62.62855327710765, "b'SZn'": -2178.1612509003626, "b'SiN'": -344.49814718772245, "b'CSc'": -798.5030551782137, "b'GeF'": -2175.8678207744388, "b'SiCo'": -1672.6427959413093, "b'TiV'": -1793.038921962386, "b'HFe'": -1264.4722457872388, "b'BrCu'": -4214.161981041747, "b'OZn'": -1854.9499135486656, "b'AlNi'": -1751.274945966068, "b'CaH'": -678.0479787615551, "b'NiCu'": -3149.3701212059423, "b'HZn'": -1780.3182474131381, "b'NaH'": -162.47920868644746, "b'ClSc'": -1221.3641922304012, "b'OC'": -113.4912946500295, "b'SP'": -740.301054393482, "b'SiAl'": -532.550258430796, "b'PP'": -683.4134134558825, "b'CaCa'": -1354.616111775731, "b'NB'": -79.46793018922494, "b'KF'": -699.0900267828573, "b'SLi'": -406.1394886954128, "b'OH'": -76.00679323398538, "b'NTi'": -903.8665991659939, "b'SF'": -498.52868535107973, "b'GaF'": -2023.8141388447314, "b'BrNi'": -4081.906852941955, "b'OO'": -150.4060018770699, "b'SiF'": -389.9148300262202, "b'AlCr'": -1287.195674547792, "b'SAl'": -641.376506691048, "b'TiTi'": -1698.4033666068635, "b'SiCu'": -1930.6321576625967, "b'PN'": -396.50757381075533, "b'FC'": -137.99221228118355, "b'SiFe'": -1529.2610225838725, "b'HBe'": -15.46594047097707, "b'FV'": -1044.1317628570464, "b'BrMn'": -3724.5314767726886, "b'ClMg'": -660.4125508469433, "b'ClAl'": -703.3997429265476, "b'MgF'": -299.88753656686083, "b'OLi'": -82.85626232763224, "b'CFe'": -1301.7598007755864, "b'NaO'": -237.08959905871086, "b'FeFe'": -2527.4805848983624, "b'NCr'": -1099.1775680789087, "b'SC'": -436.76384022122346, "b'ClCl'": -920.9864724927063, "b'BrCr'": -3617.9009525404517, "b'GaBr'": -4477.3218254916255}