{"b'OLi'": -82.86012432391682, "b'BrV'": -3517.4053444306423, "b'BrFe'": -3837.2397171578277, "b'FH'": -100.7753708934901, "b'MgF'": -299.8841039874955, "b'SMn'": -1549.6810610845807, "b'NC'": -92.68797263414153, "b'SeH'": -2401.1426687732514, "b'MgMg'": -399.39688017554306, "b'BTi'": -873.9664994197686, "b'TiV'": -1792.9668838630387, "b'GeH'": -2076.501324988401, "b'AlO'": -318.15473287950095, "b'FSc'": -860.8436746902759, "b'ClP'": -802.2116319735698, "b'HCr'": -1045.2543813721727, "b'PH'": -342.44809012887475, "b'BrCr'": -3617.8806996119215, "b'SAl'": -641.3562303843026, "b'FNi'": -1608.6553078031907, "b'HB'": -25.50942513511587, "b'CoCu'": -3023.6636355352525, "b'SiAl'": -532.538658889862, "b'CrCr'": -2088.6704008686847, "b'CTi'": -887.1032430129067, "b'SiO'": -365.29768678479013, "b'SiH'": -290.5699838209544, "b'SV'": -1342.6970430448368, "b'GeCl'": -2536.3901818650947, "b'CaH'": -678.0536506046062, "b'ClCr'": -1505.1614858449775, "b'ClCu'": -2101.4167628232753, "b'SN'": -453.29577817496545, "b'SiLi'": -297.2968123658812, "b'SMg'": -598.3765533981443, "b'TiTi'": -1698.3801787445846, "b'HCu'": -1641.553370750151, "b'AlCr'": -1287.181010542459, "b'HCo'": -1383.621581965, "b'LiLi'": -14.892874416836477, "b'CrCu'": -2685.2699393923926, "b'BSc'": -784.9968646715726, "b'FMn'": -1251.2974632064627, "b'ClCo'": -1843.519970794315, "b'CaO'": -752.668902533303, "b'AlC'": -280.63126805830063, "b'SB'": -423.2937344012067, "b'ClH'": -461.3179256187206, "b'BrTi'": -3422.783537071083, "b'FB'": -124.84811164644998, "b'ClF'": -560.3596750335405, "b'SiCo'": -1672.480445587834, "b'AlH'": -243.4947173026654, "b'CFe'": -1301.509436928599, "b'SBe'": -413.3556942648264, "b'ClBe'": -475.35686167620304, "b'NB'": -79.47564978332372, "b'SCu'": -2039.4332517133334, "b'GaF'": -2023.8487610127538, "b'FN'": -154.573947448237, "b'PP'": -683.4120796554375, "b'SO'": -473.8683746254952, "b'SiSc'": -1050.2687152178482, "b'SeTi'": -3249.834820424022, "b'CH'": -38.765517870433186, "b'BrNi'": -4081.9122100304794, "b'AlAl'": -485.4636065578201, "b'AlN'": -297.40551957537434, "b'MgO'": -275.1458101584106, "b'CSc'": -798.510767966556, "b'KK'": -1197.8478382888225, "b'GaCl'": -2384.3798286864853, "b'SF'": -498.5240847819079, "b'SCr'": -1443.1417995933787, "b'BeBe'": -29.268922857393427, "b'SZn'": -2178.195710564171, "b'HSc'": -761.4356444738037, "b'SP'": -740.2965891671437, "b'SNi'": -1907.1752611703969, "b'SiN'": -344.49388097959553, "b'SiSi'": -579.5694023846403, "b'ClNa'": -622.4274456913034, "b'FFe'": -1364.0346421799159, "b'FF'": -199.6068365451144, "b'SeSc'": -3161.078369932086, "b'ClCl'": -920.9841254631792, "b'CaF'": -777.4377867188513, "b'CC'": -76.10846008356573, "b'GeBr'": -4649.133459017114, "b'OB'": -100.22617492345451, "b'NTi'": -903.876137628624, "b'AlLi'": -250.1481901554916, "b'NaLi'": -169.16560333329053, "b'HH'": -1.5430285277238827, "b'SH'": -399.339821017779, "b'OC'": -113.4815981754054, "b'LiBe'": -22.11465583525, "b'NiCu'": -3149.35845760695, "b'BrCo'": -3956.242735271731, "b'NN'": -109.32229395383006, "b'BFe'": -1288.4391770711948, "b'PO'": -417.04925798455696, "b'ClFe'": -1724.5070413703925, "b'ClN'": -515.1031848710455, "b'NiNi'": -3017.107288230786, "b'FZn'": -1879.7553515591394, "b'GaAs'": -4158.580284855879, "b'CoCo'": -2765.6775718412573, "b'SiCu'": -1930.6198258671047, "b'SLi'": -406.1423735177115, "b'SiV'": -1233.7249592828748, "b'PB'": -366.35530181524626, "b'SeCo'": -3783.326037997229, "b'CaCa'": -1354.6150733432935, "b'ScSc'": -1520.7775209079587, "b'SeFe'": -3664.247446897986, "b'SFe'": -1662.5017471102205, "b'PSi'": -631.3882999876373, "b'FeFe'": -2527.3995936383835, "b'CV'": -981.8741123453292, "b'FCu'": -1740.86720762982, "b'SiTi'": -1139.1476923788132, "b'AlNi'": -1751.2422154259525, "b'BrMn'": -3724.5112226627334, "b'NaH'": -162.47686147301994, "b'NSc'": -815.4357869792084, "b'ClMg'": -660.4112086352736, "b'BNi'": -1533.1616050019973, "b'AsH'": -2235.49875317679, "b'ClO'": -535.672196991982, "b'HFe'": -1264.4447858726833, "b'FV'": -1044.1534777680968, "b'ClC'": -498.4887137280687, "b'SiBr'": -2863.1501088112195, "b'OZn'": -1854.971856824296, "b'ClSi'": -750.4213071307175, "b'FCr'": -1144.6480223939989, "b'ClNi'": -1969.1767258120224, "b'NV'": -998.478055848548, "b'AlF'": -342.8733273102178, "b'AlCo'": -1625.5431944729214, "b'BCo'": -1407.4616335679468, "b'BV'": -968.645173174624, "b'BrZn'": -4353.001597312511, "b'LiCu'": -1648.2902912834638, "b'GaH'": -1924.6191911930093, "b'HNi'": -1509.305656189688, "b'BB'": -49.276979661251794, "b'ON'": -129.82945146176957, "b'SC'": -436.7631673544568, "b'CNi'": -1546.5819226571912, "b'SCo'": -1781.577220364477, "b'KF'": -699.0894668143859, "b'NaF'": -261.8758585634511, "b'ClAl'": -703.4005117767755, "b'PC'": -379.5609899117697, "b'HV'": -944.7316078363765, "b'ClZn'": -2240.2627169301063, "b'FO'": -175.032871446664, "b'NaNa'": -323.44351020520276, "b'FC'": -137.98653168176986, "b'ClSc'": -1221.362544087921, "b'BrH'": -2574.068033147876, "b'FTi'": -949.5477487012167, "b'PAl'": -584.3696702142549, "b'OO'": -150.39060703736513, "b'FCo'": -1483.013523036789, "b'SiNi'": -1798.316428453439, "b'OBe'": -90.13050868349421, "b'BrSc'": -3334.0802209404906, "b'SeNi'": -3908.9630101761873, "b'FBe'": -114.83115171323044, "b'SS'": -797.0688733401548, "b'FLi'": -107.63798127899874, "b'SeV'": -3344.4184394225163, "b'OCu'": -1716.1193642322594, "b'OMn'": -1226.6037592214514, "b'ClMn'": -1611.785986832609, "b'SiB'": -314.4491000309389, "b'SSi'": -688.504805376981, "b'ClTi'": -1310.0675305858754, "b'SiC'": -327.6855771317066, "b'GeF'": -2175.864019132421, "b'AlV'": -1186.6175162310285, "b'GaBr'": -4497.103537420954, "b'HTi'": -850.0930281837014, "b'HMn'": -1151.6618631746285, "b'OCo'": -1458.3519144965999, "b'SiFe'": -1553.2672052983476, "b'MgH'": -200.48400375866711, "b'TiCo'": -2231.9650031496226, "b'HZn'": -1780.3460038532378, "b'BrCu'": -4214.158147162914, "b'STi'": -1248.1099415955152, "b'SiF'": -389.9135865044281, "b'CB'": -62.625780737613255, "b'OFe'": -1339.206102393975, "b'OV'": -1019.6657802070187, "b'ClB'": -485.3566037358828, "b'NaO'": -237.09570988056342, "b'MgLi'": -207.14833066427312, "b'SSc'": -1159.361226768943, "b'OCr'": -1120.1832748375884, "b'ONi'": -1583.9717719662563, "b'OH'": -76.00626591373216, "b'KH'": -599.684716701941, "b'ClV'": -1404.6895062447425, "b'NCr'": -1099.054805528781, "b'HLi'": -8.229844028323296, "b'PF'": -441.7328420133536, "b'VV'": -1887.463062642459, "b'HBe'": -15.468220899706141, "b'VNi'": -2414.4760204877007, "b'OTi'": -924.9761798210577, "b'OSc'": -836.2072782567758, "b'PN'": -396.5145048469016, "b'AlCu'": -1883.5527270068405}