{"b'SiFe'": -1553.536161518777, "b'BB'": -49.30636298536318, "b'SMn'": -1549.866310000535, "b'HTi'": -850.1309009739799, "b'ClCo'": -1843.4600509233944, "b'FZn'": -1879.7218632809456, "b'OBe'": -90.14086367947681, "b'MgLi'": -207.16111450921335, "b'GeH'": -2076.5282653608183, "b'NaF'": -261.87423213102403, "b'SSi'": -688.5076499502103, "b'OB'": -100.22312296983361, "b'PP'": -683.4148392046775, "b'TiV'": -1793.040983129266, "b'SNi'": -1907.1534045620087, "b'FV'": -1044.15955025399, "b'ClAl'": -703.4018746993323, "b'BrCr'": -3617.880979104994, "b'CrCu'": -2685.3175453066883, "b'HLi'": -8.235173611928836, "b'AsH'": -2235.501678974933, "b'TiTi'": -1698.3967930412718, "b'GaBr'": -4497.0699264652385, "b'HH'": -1.540904606269902, "b'LiCu'": -1648.3134051257257, "b'LiLi'": -14.911939798646003, "b'OCo'": -1458.3114526026427, "b'SeTi'": -3249.8463724956027, "b'NN'": -109.30358093917327, "b'FN'": -154.5851652805043, "b'GeF'": -2175.8630930370796, "b'ClN'": -515.1046375323227, "b'NSc'": -815.4331538547608, "b'BrNi'": -4081.9070368925404, "b'TiCo'": -2232.0806412701268, "b'GaCl'": -2382.146028687606, "b'FH'": -100.77610258635931, "b'ClTi'": -1310.0806276716798, "b'CaF'": -777.4239429863057, "b'AlF'": -342.8805202386863, "b'CB'": -62.61732626977728, "b'SiCo'": -1672.6319481646635, "b'SCo'": -1781.5417061973988, "b'CH'": -38.769099547442195, "b'CV'": -981.8506395834313, "b'SMg'": -598.3707091265188, "b'FBe'": -114.83275662935561, "b'NTi'": -903.8608313110708, "b'SiB'": -314.4482492002451, "b'AlO'": -318.16787668901856, "b'MgH'": -200.47975685359063, "b'SeCo'": -3783.3173977879687, "b'BSc'": -785.0091521476007, "b'KH'": -599.6825712233467, "b'SiTi'": -1139.2086480585526, "b'AlC'": -280.6586131476113, "b'CrCr'": -2088.68197739553, "b'VV'": -1887.495927895887, "b'OCu'": -1716.1304094361133, "b'BCo'": -1407.577944398736, "b'SFe'": -1662.4637597047276, "b'HCr'": -1045.2776145904777, "b'SiBr'": -2863.149684741928, "b'FTi'": -949.5585795406483, "b'BrZn'": -4352.951344247147, "b'ClBe'": -475.35004701447707, "b'FNi'": -1608.5107137634957, "b'PC'": -379.5995083361071, "b'NiCu'": -3149.36250549756, "b'ClV'": -1404.6843372902836, "b'ClFe'": -1724.4752844009922, "b'CC'": -76.1118931936856, "b'SB'": -423.29672916584474, "b'OH'": -76.00844457867247, "b'SeSc'": -3161.0850408581236, "b'MgF'": -299.88641245615804, "b'BrSc'": -3334.0972416061795, "b'CoCo'": -2765.6942588336337, "b'ClSi'": -750.4194705695928, "b'BrMn'": -3724.523471666734, "b'MgO'": -275.1466888548726, "b'GaF'": -2023.81411413616, "b'SH'": -399.34227311847627, "b'AlV'": -1186.6514946513053, "b'ClNa'": -622.420166769647, "b'FSc'": -860.8616736775261, "b'SZn'": -2178.150671433319, "b'SeV'": -3344.4261490497865, "b'AlN'": -297.3765159879698, "b'SiAl'": -532.5662269456994, "b'AlNi'": -1751.2786214896314, "b'SF'": -498.5303342124003, "b'BFe'": -1288.5079914302116, "b'SiCu'": -1930.6355822141195, "b'SSc'": -1159.3615204430519, "b'PB'": -366.35751518837105, "b'SiC'": -327.7253130980815, "b'CNi'": -1546.5526607771997, "b'ClMg'": -660.4038133064724, "b'GeBr'": -4649.116573147888, "b'CoCu'": -3015.5235292809975, "b'ScSc'": -1520.8291925971293, "b'BrFe'": -3837.210788221124, "b'PSi'": -631.4031594759216, "b'HSc'": -761.4450296483159, "b'SV'": -1342.6895125670846, "b'PN'": -396.5018786682203, "b'BrCu'": -4214.145651592943, "b'HMn'": -1151.896312925755, "b'AlCu'": -1883.5665127960317, "b'HCu'": -1641.5497086157145, "b'SeNi'": -3908.9371584921228, "b'SP'": -740.3067238857145, "b'HNi'": -1509.280120842967, "b'SiF'": -389.91681865488437, "b'FCu'": -1740.8641354131187, "b'SAl'": -641.3814234816726, "b'HV'": -944.7463518105835, "b'ClCl'": -920.9774793448915, "b'OCr'": -1120.1560247695409, "b'SO'": -473.88483837562046, "b'CFe'": -1301.730990421927, "b'KF'": -699.087791033962, "b'SN'": -453.29123752831185, "b'SLi'": -406.14898259805256, "b'SiO'": -365.3137165697484, "b'OZn'": -1854.9365247368964, "b'GaAs'": -4158.59047002339, "b'HFe'": -1264.4863223619593, "b'FeFe'": -2527.4806321408064, "b'PF'": -441.74793361044306, "b'MgMg'": -399.39900400324893, "b'AlCo'": -1625.6023105949407, "b'HZn'": -1780.2995574153872, "b'CaH'": -678.0407559922514, "b'BV'": -968.6682461284191, "b'SiLi'": -297.3239859731668, "b'FFe'": -1364.0324827912516, "b'ClF'": -560.3630363511847, "b'ClNi'": -1969.1527275731626, "b'OLi'": -82.86567671594729, "b'LiBe'": -22.124180761209082, "b'AlLi'": -250.16210208896035, "b'OSc'": -836.2290672986206, "b'BrV'": -3517.4123506039227, "b'FC'": -137.99450383290798, "b'ClSc'": -1221.361045420156, "b'NB'": -79.46583973864914, "b'CaCa'": -1354.6166557446372, "b'ClCr'": -1505.1698085225344, "b'ClCu'": -2101.4077770626577, "b'SC'": -436.75824952814156, "b'ON'": -129.82743183182734, "b'SCr'": -1443.1929388193334, "b'HCo'": -1383.5929484118774, "b'ClMn'": -1611.7880634737608, "b'NC'": -92.69389768923267, "b'SiSi'": -579.6648924103514, "b'SiNi'": -1798.308151679786, "b'ClH'": -461.31295232337595, "b'OFe'": -1339.1836210990766, "b'AlH'": -243.50026760169646, "b'FLi'": -107.64366728326192, "b'OO'": -150.40891061593845, "b'NiNi'": -3017.0810553921815, "b'PO'": -417.06122638238986, "b'OC'": -113.48753674658207, "b'NaNa'": -323.4571425661294, "b'GaH'": -1924.5930067844824, "b'HB'": -25.506800552753546, "b'SS'": -797.1105379676304, "b'HBe'": -15.466612445128632, "b'SeFe'": -3664.1995113899607, "b'NV'": -998.4705656820557, "b'NCr'": -1099.1978777380177, "b'OTi'": -924.9759433641455, "b'SiV'": -1233.7656884659257, "b'ONi'": -1583.9292631029887, "b'BrTi'": -3422.7985156827413, "b'FCr'": -1144.6663224560334, "b'ClP'": -802.2209299690041, "b'FF'": -199.62563248976593, "b'CTi'": -887.217590456142, "b'ClB'": -485.3461568294063, "b'ClC'": -498.4923586937566, "b'NaO'": -237.08929156159792, "b'BeBe'": -29.278352845385676, "b'CSc'": -798.6239633622439, "b'PH'": -342.4579255145975, "b'STi'": -1248.1089908052477, "b'FO'": -175.06141458759546, "b'FB'": -124.84640024554402, "b'VNi'": -2449.1504059040312, "b'ClZn'": -2240.217759209344, "b'OV'": -1019.657638358494, "b'BrCo'": -3956.222702542559, "b'SiSc'": -1050.3084264003594, "b'KK'": -1197.852480384479, "b'BTi'": -873.9935252708932, "b'OMn'": -1226.5975826163838, "b'NaH'": -162.47531309213602, "b'BrH'": -2574.0696436482754, "b'NaLi'": -169.18199850824402, "b'FCo'": -1482.9685708363916, "b'FMn'": -1251.3235852725188, "b'AlCr'": -1287.1987714153872, "b'SiH'": -290.57233875108443, "b'CaO'": -752.6614175217356, "b'PAl'": -584.3910343124803, "b'SBe'": -413.3502781173401, "b'ClO'": -535.6828006256018, "b'SCu'": -2039.438421857488, "b'SiN'": -344.49951140811794, "b'GeCl'": -2536.3861101588755, "b'BNi'": -1533.222356307323, "b'AlAl'": -485.4805495890609, "b'SeH'": -2401.143394626176}