{"b'OC'": -113.49490891316361, "b'OFe'": -1339.17994050587, "b'ClP'": -802.1911976268906, "b'PN'": -396.4977417293011, "b'SiTi'": -1139.1314245876536, "b'SiO'": -365.31034976614893, "b'NaH'": -162.47429348358963, "b'HB'": -25.50642297248461, "b'AlO'": -318.18673236513837, "b'HMn'": -1151.6271294405976, "b'SV'": -1342.6468004730023, "b'CaCa'": -1354.663173719166, "b'NC'": -92.68148103034042, "b'OMn'": -1226.5760849426658, "b'FH'": -100.77411848658524, "b'BrH'": -2574.067769718963, "b'PSi'": -631.3949258526485, "b'NaLi'": -169.17368654108355, "b'CV'": -981.8448583666966, "b'HNi'": -1509.2713272697406, "b'ClN'": -515.0923745350572, "b'CoCu'": -3023.5896284787173, "b'SB'": -423.30650441700743, "b'OO'": -150.40281398663114, "b'BB'": -49.289685544295146, "b'BrV'": -3517.3782042431885, "b'SS'": -797.0799217222514, "b'SBe'": -413.3521163254078, "b'SiN'": -344.48653157916783, "b'NaO'": -237.10603603411232, "b'MgH'": -200.4630849322874, "b'GeH'": -2076.4880397675247, "b'SF'": -498.51355125770783, "b'CTi'": -887.2056968718771, "b'AlCr'": -1287.2027583479558, "b'MgMg'": -399.36978530471777, "b'SAl'": -641.3857604252556, "b'LiCu'": -1648.2721749767866, "b'HSc'": -761.4050427333973, "b'BSc'": -785.0419447018639, "b'OSc'": -836.0274496949351, "b'FZn'": -1879.710571932533, "b'SC'": -436.75154982076, "b'AlLi'": -250.17474445645183, "b'MgF'": -299.8658517338955, "b'LiLi'": -14.913688743430455, "b'FSc'": -860.8758705723778, "b'FO'": -175.03371254343955, "b'SeFe'": -3664.1957587259076, "b'TiCo'": -2231.8933373887485, "b'SN'": -453.2806742483107, "b'ClCr'": -1505.1297133876924, "b'FeFe'": -2527.20483798911, "b'NiNi'": -3017.048526777596, "b'SiNi'": -1798.2890975903765, "b'SeCo'": -3783.2869885491014, "b'FV'": -1044.1329282728348, "b'NN'": -109.3049606252915, "b'BCo'": -1407.4648370633886, "b'SSi'": -688.5025519854273, "b'OV'": -1019.5836271753885, "b'SiSi'": -579.5725134568713, "b'GeF'": -2175.85450154748, "b'MgO'": -275.14069740300994, "b'VV'": -1887.461223495648, "b'PP'": -683.4088912661554, "b'PO'": -417.05498737596486, "b'AlCu'": -1883.5478168652735, "b'SMn'": -1549.651311375868, "b'FMn'": -1251.282689187875, "b'BeBe'": -29.270719501759753, "b'FFe'": -1363.9937051059135, "b'SSc'": -1159.208183718717, "b'NTi'": -903.8397157887347, "b'ClCl'": -920.9425636723332, "b'FBe'": -114.8262381623938, "b'CaH'": -678.0821425720587, "b'CNi'": -1546.5585038552836, "b'SiCo'": -1672.1557177446712, "b'ClSc'": -1221.3136027749294, "b'BrNi'": -4081.8725831962615, "b'SNi'": -1907.1276146094306, "b'BrTi'": -3422.800829929815, "b'OTi'": -924.9023750815123, "b'CC'": -76.10213574131886, "b'VNi'": -2452.3026627782892, "b'SCu'": -2039.406434625576, "b'AlN'": -297.40975463592434, "b'SiBr'": -2863.147510544255, "b'ClCu'": -2101.3766572934746, "b'ClCo'": -1843.4534018402105, "b'BNi'": -1533.163996969221, "b'AlAl'": -485.5038811587336, "b'CaO'": -752.7181272467543, "b'HH'": -1.5395817481178593, "b'AlCo'": -1625.520690885106, "b'HFe'": -1264.3988896009548, "b'ClV'": -1404.6461172294812, "b'ClZn'": -2240.2040307361817, "b'SeV'": -3344.380534433456, "b'NB'": -79.46266466716699, "b'TiTi'": -1698.320290433408, "b'NaNa'": -323.43866983533445, "b'BTi'": -873.9888250343616, "b'SiV'": -1233.5436591231423, "b'HTi'": -850.0867098034316, "b'GaBr'": -4497.1646611686, "b'NV'": -998.5365041549837, "b'SiAl'": -532.5537170668683, "b'ClF'": -560.3408886815555, "b'BrCu'": -4214.124590122958, "b'SO'": -473.8578767284449, "b'BrFe'": -3837.2019905698394, "b'ClSi'": -750.3969513114023, "b'MgLi'": -207.1449640805609, "b'FN'": -154.57020344430566, "b'NaF'": -261.87445169463, "b'BrCr'": -3617.8536350617405, "b'HCu'": -1641.5319447336321, "b'ClBe'": -475.33064210879786, "b'AlH'": -243.51413948966314, "b'SFe'": -1662.4591316720973, "b'SiB'": -314.4567539999479, "b'GaF'": -2023.9131715469741, "b'SeSc'": -3161.1100811794554, "b'BFe'": -1288.3914973413146, "b'SiCu'": -1930.5873218950408, "b'OLi'": -82.88182966367651, "b'ClC'": -498.4770505533513, "b'ClAl'": -703.4000920477665, "b'STi'": -1248.0808945834262, "b'NSc'": -815.4745918592704, "b'SiFe'": -1553.2146706244537, "b'ClNa'": -622.4072864253856, "b'GaCl'": -2384.418987128889, "b'AlV'": -1186.6999580047222, "b'ClB'": -485.3374630837782, "b'FCu'": -1740.8454062615435, "b'OBe'": -90.14500941274771, "b'HCo'": -1383.57305533441, "b'SeH'": -2401.12642655735, "b'ClFe'": -1724.456876596977, "b'ClMn'": -1611.7520393281422, "b'BrSc'": -3334.110142413305, "b'SiC'": -327.7274452116495, "b'KK'": -1197.8109459216528, "b'GeBr'": -4649.098734792479, "b'ClTi'": -1310.058982261109, "b'HLi'": -8.240530463800788, "b'AlF'": -342.8927226353797, "b'SeNi'": -3908.9125793110697, "b'PC'": -379.5886491813471, "b'SiSc'": -1050.3915444193385, "b'PF'": -441.71883678717313, "b'OCo'": -1458.2912181853483, "b'BrZn'": -4352.952464612314, "b'AlC'": -280.67371215670886, "b'ClMg'": -660.3713009252818, "b'CoCo'": -2765.5505874079518, "b'PH'": -342.4414041019975, "b'SiH'": -290.5626203420842, "b'FLi'": -107.64877658818827, "b'OCu'": -1716.1067232080893, "b'OB'": -100.24376286685336, "b'ClNi'": -1969.1197421695822, "b'CrCr'": -2088.65428220991, "b'FCr'": -1144.6342097533416, "b'LiBe'": -22.113746080439817, "b'CB'": -62.6320567350497, "b'CrCu'": -2685.2453430075248, "b'AsH'": -2235.4858689225102, "b'OCr'": -1120.160172576955, "b'ClO'": -535.6588737958341, "b'HCr'": -1045.2418992403418, "b'HBe'": -15.463370069618254, "b'NCr'": -1099.0547315677434, "b'ONi'": -1583.9258284090015, "b'GaH'": -1924.6658387609039, "b'KF'": -699.077261180145, "b'SCr'": -1443.115742227343, "b'SP'": -740.2955513858751, "b'ON'": -129.83235769630463, "b'FF'": -199.61162855640748, "b'SH'": -399.3358062842666, "b'FCo'": -1482.9842110704894, "b'KH'": -599.6697638208764, "b'SZn'": -2178.1591155390324, "b'CSc'": -798.5883007880634, "b'OH'": -76.01073037833034, "b'SiF'": -389.89988138539985, "b'FC'": -137.9860804120284, "b'BrMn'": -3724.4938489440324, "b'PAl'": -584.3979206185603, "b'SMg'": -598.3566350829944, "b'FB'": -124.84470928056447, "b'SeTi'": -3249.7919349016006, "b'NiCu'": -3149.3141917474477, "b'ScSc'": -1520.8001593569686, "b'OZn'": -1854.9454898796498, "b'SCo'": -1781.5282563898595, "b'GeCl'": -2536.3576875687145, "b'PB'": -366.3788106993596, "b'AlNi'": -1751.226819653239, "b'FTi'": -949.5486580299836, "b'SLi'": -406.1541515792862, "b'HZn'": -1780.3092201248671, "b'CaF'": -777.4700833879427, "b'SiLi'": -297.3037284143758, "b'TiV'": -1792.9078952869172, "b'BV'": -968.6436192721982, "b'ClH'": -461.29811661014236, "b'FNi'": -1608.6175270390277, "b'CH'": -38.7669153996411, "b'HV'": -944.7062460444943, "b'BrCo'": -3956.201510865763, "b'CFe'": -1301.7465656604154, "b'GaAs'": -4158.617495403794}