{"b'FB'": -124.8516917335374, "b'OV'": -1019.6439652771379, "b'FMn'": -1251.3054158373488, "b'NN'": -109.3316904308195, "b'SBe'": -413.3524874487878, "b'AlCu'": -1883.5397255038852, "b'VV'": -1887.455803939475, "b'FV'": -1044.1611926305472, "b'HLi'": -8.235422565046484, "b'HSc'": -761.4315445571776, "b'SeV'": -3344.443040585149, "b'OC'": -113.47089788561291, "b'NiCu'": -3149.377214418924, "b'AlO'": -318.14461950811284, "b'FF'": -199.6139643096873, "b'GaH'": -1924.6185170963136, "b'PSi'": -631.3792582328359, "b'HV'": -944.7345719084918, "b'BrTi'": -3422.790615442149, "b'ClCo'": -1843.5226873830634, "b'SiSc'": -1050.2586699581555, "b'BrCo'": -3956.253516676046, "b'SLi'": -406.14895700395476, "b'OCr'": -1120.1671137190947, "b'SP'": -740.2898528817356, "b'BeBe'": -29.270196669802043, "b'NB'": -79.48196191176193, "b'ClMn'": -1611.7890953095466, "b'OB'": -100.20034261012782, "b'ClH'": -461.318781539172, "b'SeFe'": -3663.971374293327, "b'ClMg'": -660.4165710334782, "b'ScSc'": -1520.8034769672308, "b'CTi'": -887.1109349457689, "b'FZn'": -1879.7607724158506, "b'BSc'": -784.9883335639412, "b'OZn'": -1854.9720643546368, "b'OO'": -150.39156503603124, "b'ClFe'": -1724.5049347424497, "b'PP'": -683.4019051486783, "b'SeNi'": -3908.959168481196, "b'SS'": -797.0620207963667, "b'AlLi'": -250.14815699627314, "b'CNi'": -1546.5831586960821, "b'GeH'": -2076.530044969449, "b'CaO'": -752.6494875828076, "b'CV'": -981.7231762121457, "b'NaNa'": -323.4511713141232, "b'ON'": -129.83015191548836, "b'SiO'": -365.29025687051643, "b'BrCr'": -3617.8883819775047, "b'OTi'": -924.9581595365881, "b'MgMg'": -399.39585786174507, "b'OSc'": -836.186437099239, "b'SC'": -436.7609049809488, "b'CH'": -38.76765839688234, "b'SiC'": -327.6836631915703, "b'ClCr'": -1505.1635488397576, "b'PF'": -441.7439673383182, "b'SiBr'": -2863.151669688642, "b'AlV'": -1186.6348488837393, "b'SeCo'": -3783.3396626762983, "b'SNi'": -1907.1687586973485, "b'ClCl'": -920.9871667257754, "b'STi'": -1248.1042811800608, "b'MgH'": -200.486385343917, "b'SiF'": -389.9226658330328, "b'SiLi'": -297.30765780293075, "b'OCo'": -1458.3459903563248, "b'SCo'": -1781.569505886615, "b'FBe'": -114.84050857799078, "b'HCo'": -1383.6193745942542, "b'NaH'": -162.48009729832523, "b'ClC'": -498.49428644185406, "b'BB'": -49.28142180644266, "b'NSc'": -815.4300083998612, "b'HBe'": -15.468464709417454, "b'FFe'": -1364.0422200395908, "b'NTi'": -903.8770192190814, "b'ONi'": -1583.962534762223, "b'SF'": -498.53230212365753, "b'ClTi'": -1310.0683884569078, "b'PN'": -396.5203301904288, "b'FSc'": -860.8460503962442, "b'FO'": -175.04210398691046, "b'HH'": -1.5415623271824492, "b'SV'": -1342.6921838758205, "b'BrMn'": -3724.5048804213425, "b'SSc'": -1159.3460546070924, "b'SiNi'": -1798.3134775194128, "b'NaO'": -237.09710383853306, "b'OBe'": -90.12243055898888, "b'ClCu'": -2101.4274836399127, "b'SCr'": -1443.1342552571064, "b'SiSi'": -579.5672483263268, "b'KF'": -699.1024129189055, "b'TiCo'": -2231.967395661128, "b'BrH'": -2574.0728876947737, "b'GaAs'": -4158.586944356264, "b'OH'": -76.00713235565368, "b'SO'": -473.86538448173445, "b'ClSc'": -1221.359560283731, "b'AsH'": -2235.5035303264335, "b'NC'": -92.69718946738355, "b'SB'": -423.2871416959712, "b'PB'": -366.3435958082375, "b'PH'": -342.45044819915523, "b'SH'": -399.3406870117343, "b'AlH'": -243.48950459570608, "b'AlNi'": -1751.2289507229455, "b'BrSc'": -3334.0747160385836, "b'OMn'": -1226.5874125886714, "b'HFe'": -1264.4470359027523, "b'ClF'": -560.3648369348203, "b'SSi'": -688.5018048792892, "b'TiV'": -1792.9623044784664, "b'GaF'": -2023.860030239444, "b'HZn'": -1780.3505899829709, "b'AlC'": -280.6292339938971, "b'NiNi'": -3017.046676064668, "b'MgLi'": -207.1569371416091, "b'HNi'": -1509.3039539821655, "b'SeTi'": -3249.8390491635128, "b'VNi'": -2452.3420040677747, "b'AlAl'": -485.44744540096906, "b'SiAl'": -532.5319685603159, "b'FCo'": -1482.989024006516, "b'CB'": -62.59791352984769, "b'GeCl'": -2536.3892457729016, "b'FN'": -154.5865019762055, "b'HTi'": -850.0981755100827, "b'CrCr'": -2088.6565425521153, "b'HCu'": -1641.5514201337091, "b'BrCu'": -4214.15121008738, "b'CoCu'": -3023.678627983465, "b'AlN'": -297.40454807492864, "b'BrNi'": -4081.9097369281358, "b'FH'": -100.77949058837838, "b'GaCl'": -2384.383826768558, "b'BrFe'": -3837.234942331534, "b'HMn'": -1151.6603670439167, "b'SiTi'": -1139.1454424683518, "b'BNi'": -1533.1692279691886, "b'ClZn'": -2240.2616849995607, "b'SeSc'": -3161.073202617895, "b'SCu'": -2039.4259996287246, "b'SiH'": -290.57120225093695, "b'GeF'": -2175.878930637511, "b'TiTi'": -1698.3837788950566, "b'HB'": -25.50812863632262, "b'ClN'": -515.1073680553513, "b'FTi'": -949.5532481387798, "b'SMn'": -1549.6821474408873, "b'SN'": -453.30010594704135, "b'SZn'": -2178.196025419052, "b'AlCr'": -1287.1742062015974, "b'BrZn'": -4353.008496312414, "b'LiLi'": -14.905925071010815, "b'FLi'": -107.64813391174576, "b'NaF'": -261.8850671945071, "b'PO'": -417.04126893439735, "b'OFe'": -1339.1998574396832, "b'BCo'": -1407.4488030182542, "b'CaH'": -678.0468050535746, "b'ClBe'": -475.35819983800315, "b'BrV'": -3517.414086344485, "b'CoCo'": -2765.6742936293485, "b'LiCu'": -1648.2933230163226, "b'ClNi'": -1969.176770645823, "b'LiBe'": -22.1221587738008, "b'CaF'": -777.4369057434974, "b'SiCo'": -1672.4480125111036, "b'AlCo'": -1625.5320523175226, "b'SiFe'": -1553.402860739249, "b'SAl'": -641.3508392183192, "b'NV'": -998.4816702748391, "b'NaLi'": -169.17707182666538, "b'MgO'": -275.1409998089099, "b'ClP'": -802.2141669702863, "b'FNi'": -1608.670136243887, "b'HCr'": -1045.2585158134912, "b'BFe'": -1288.4271806906165, "b'ClV'": -1404.6891159917163, "b'FC'": -137.99667633750965, "b'CaCa'": -1354.601820076166, "b'ClB'": -485.3570138692294, "b'CC'": -76.10507123201518, "b'SFe'": -1662.495134662776, "b'CFe'": -1301.4777261064298, "b'ClNa'": -622.434681649885, "b'BTi'": -873.9569543680632, "b'KH'": -599.692900709512, "b'SiB'": -314.43564261485295, "b'ClSi'": -750.4241923028101, "b'NCr'": -1099.0604060394335, "b'CSc'": -798.5040310221857, "b'PAl'": -584.3605200657222, "b'AlF'": -342.87375481023287, "b'PC'": -379.5575431622226, "b'GeBr'": -4649.1166034238195, "b'SeH'": -2401.1414562572672, "b'OLi'": -82.86333032438296, "b'FCu'": -1740.8736583430439, "b'CrCu'": -2685.2589266256323, "b'SiCu'": -1930.620047625047, "b'SiV'": -1233.631059230683, "b'FeFe'": -2527.382830938596, "b'GaBr'": -4497.1136550998, "b'FCr'": -1144.6536291538505, "b'ClAl'": -703.3952080331192, "b'SiN'": -344.4988384246504, "b'SMg'": -598.3759014998195, "b'OCu'": -1716.0890099949781, "b'BV'": -968.6387157328818, "b'MgF'": -299.89522638392674, "b'ClO'": -535.6730762317411, "b'KK'": -1197.8586501113757}